bit,active_count,inactive_count,P_active,P_inactive,enrichment,log_odds
1628,16,0,0.0066555740432612314,0.0,66555741.43261231,18.01355037155014
959,10,0,0.004159733777038269,0.0,41597338.77038269,17.543546751319404
1553,8,0,0.0033277870216306157,0.0,33277871.216306157,17.320403206015193
1131,6,0,0.0024958402662229617,0.0,24958403.662229616,17.03272114358008
346,5,0,0.0020798668885191347,0.0,20798669.885191347,16.85039959479946
1751,4,0,0.0016638935108153079,0.0,16638936.108153079,16.627256055505246
1241,3,0,0.0012479201331114808,0.0,12479202.331114808,16.3395740030868
1902,3,0,0.0012479201331114808,0.0,12479202.331114808,16.3395740030868
1030,3,0,0.0012479201331114808,0.0,12479202.331114808,16.3395740030868
1789,3,0,0.0012479201331114808,0.0,12479202.331114808,16.3395740030868
1811,3,0,0.0012479201331114808,0.0,12479202.331114808,16.3395740030868
1710,3,0,0.0012479201331114808,0.0,12479202.331114808,16.3395740030868
877,3,0,0.0012479201331114808,0.0,12479202.331114808,16.3395740030868
1392,2,0,0.0008319467554076539,0.0,8319468.554076539,15.934108935045296
566,2,0,0.0008319467554076539,0.0,8319468.554076539,15.934108935045296
1505,2,0,0.0008319467554076539,0.0,8319468.554076539,15.934108935045296
1886,2,0,0.0008319467554076539,0.0,8319468.554076539,15.934108935045296
1836,2,0,0.0008319467554076539,0.0,8319468.554076539,15.934108935045296
256,2,0,0.0008319467554076539,0.0,8319468.554076539,15.934108935045296
1826,2,0,0.0008319467554076539,0.0,8319468.554076539,15.934108935045296
1113,2,0,0.0008319467554076539,0.0,8319468.554076539,15.934108935045296
543,1,0,0.00041597337770382697,0.0,4159734.777038269,15.240961874685329
1358,1,0,0.00041597337770382697,0.0,4159734.777038269,15.240961874685329
51,1,0,0.00041597337770382697,0.0,4159734.777038269,15.240961874685329
1100,1,0,0.00041597337770382697,0.0,4159734.777038269,15.240961874685329
513,1,0,0.00041597337770382697,0.0,4159734.777038269,15.240961874685329
85,1,0,0.00041597337770382697,0.0,4159734.777038269,15.240961874685329
1112,1,0,0.00041597337770382697,0.0,4159734.777038269,15.240961874685329
1694,1,0,0.00041597337770382697,0.0,4159734.777038269,15.240961874685329
306,1,0,0.00041597337770382697,0.0,4159734.777038269,15.240961874685329
1355,1,0,0.00041597337770382697,0.0,4159734.777038269,15.240961874685329
181,1,0,0.00041597337770382697,0.0,4159734.777038269,15.240961874685329
1967,1,0,0.00041597337770382697,0.0,4159734.777038269,15.240961874685329
717,26,1,0.010815307820299502,0.00038182512409316535,28.32528402487251,3.343754834220284
1364,22,1,0.009151414309484194,0.00038182512409316535,23.967548061338263,3.1767007512382364
805,105,5,0.04367720465890183,0.0019091256204658267,22.878118654356925,3.1301809364855617
796,20,1,0.008319467554076539,0.00038182512409316535,21.78868007957114,3.081390572526639
131,20,1,0.008319467554076539,0.00038182512409316535,21.78868007957114,3.081390572526639
1125,18,1,0.0074875207986688855,0.00038182512409316535,19.60981209780402,2.976030058204368
302,196,14,0.08153078202995008,0.005345551737304314,15.25207960027283,2.7247158609872604
444,14,1,0.005823627287853577,0.00038182512409316535,15.252076134269778,2.724715633739335
1276,74,6,0.030782029950083195,0.002290950744558992,13.436355530364395,2.597964132427378
862,12,1,0.004991680532445923,0.00038182512409316535,13.073208152502657,2.5705649567739814
1924,92,8,0.03826955074875208,0.0030546009927453228,12.528493798958646,2.528005554097362
386,202,18,0.08402662229617304,0.006872852233676976,12.22587338075672,2.503554474997753
764,11,1,0.004575707154742097,0.00038182512409316535,11.983774161619097,2.483553581605564
505,11,1,0.004575707154742097,0.00038182512409316535,11.983774161619097,2.483553581605564
655,11,1,0.004575707154742097,0.00038182512409316535,11.983774161619097,2.483553581605564
1288,111,11,0.04617304492512479,0.004200076365024819,10.993382003785008,2.3972934557232524
943,121,12,0.05033277870216306,0.004581901489117984,10.985128733821654,2.3965424248231315
415,10,1,0.004159733777038269,0.00038182512409316535,10.894340170735536,2.388243403986693
1218,191,20,0.07945091514143095,0.007636502481863307,10.404097214623729,2.3421996915088914
206,38,4,0.015806988352745424,0.0015273004963726614,10.34962501179337,2.336950288310427
1566,113,12,0.047004991680532446,0.004581901489117984,10.25883923220204,2.328139698079388
1067,37,4,0.015391014975041598,0.0015273004963726614,10.077266460574464,2.310282041399247
1412,9,1,0.0037437603993344427,0.00038182512409316535,9.804906179851978,2.282882890999978
1929,112,13,0.04658901830282862,0.004963726613211149,9.385895133757094,2.2392080446864466
1676,145,17,0.06031613976705491,0.006491027109583811,9.292233404598877,2.229178933469021
1411,17,2,0.007071547420965058,0.0007636502481863307,9.260190266081826,2.2257245955400693
418,118,14,0.04908485856905158,0.005345551737304314,9.18237446067016,2.2172858270331655
1839,24,3,0.009983361064891847,0.001145475372279496,8.71547353608974,2.16510001324912
962,24,3,0.009983361064891847,0.001145475372279496,8.71547353608974,2.16510001324912
1834,16,2,0.0066555740432612314,0.0007636502481863307,8.715473199309367,2.165099974607458
1427,118,15,0.04908485856905158,0.0057273768613974796,8.570216173980432,2.1482929567933566
271,59,8,0.02454242928452579,0.0030546009927453228,8.034577556727147,2.083754422415574
628,73,10,0.03036605657237937,0.0038182512409316535,7.95287003421049,2.0735328741101102
765,14,2,0.005823627287853577,0.0007636502481863307,7.626039065764442,2.0315685841293636
537,7,1,0.0029118136439267887,0.00038182512409316535,7.6260381980848555,2.031568470350818
923,7,1,0.0029118136439267887,0.00038182512409316535,7.6260381980848555,2.031568470350818
741,7,1,0.0029118136439267887,0.00038182512409316535,7.6260381980848555,2.031568470350818
733,7,1,0.0029118136439267887,0.00038182512409316535,7.6260381980848555,2.031568470350818
2020,162,24,0.06738768718801996,0.009163802978235968,7.353681295058131,1.9952010443085026
1494,27,4,0.011231281198003328,0.0015273004963726614,7.353680948385418,1.9952009971657578
2010,197,30,0.0819467554076539,0.011454753722794959,7.1539516933641885,1.9676648884187515
110,85,13,0.035357737104825294,0.004963726613211149,7.123223990297315,1.9633604305634753
1479,32,5,0.013311148086522463,0.0019091256204658267,6.97237905488725,1.941956494350741
72,32,5,0.013311148086522463,0.0019091256204658267,6.97237905488725,1.941956494350741
10,57,9,0.023710482529118136,0.003436426116838488,6.8997502442906455,1.9314852144684886
1757,25,4,0.010399334442595673,0.0015273004963726614,6.808963845947608,1.9182399567419257
1798,197,32,0.0819467554076539,0.012218403970981291,6.70682971618834,1.903126367826805
898,36,6,0.014975041597337771,0.002290950744558992,6.53660541556511,1.8774179811084473
1311,12,2,0.004991680532445923,0.0007636502481863307,6.53660493221952,1.8774179071640102
63,12,2,0.004991680532445923,0.0007636502481863307,6.53660493221952,1.8774179071640102
1372,12,2,0.004991680532445923,0.0007636502481863307,6.53660493221952,1.8774179071640102
2046,12,2,0.004991680532445923,0.0007636502481863307,6.53660493221952,1.8774179071640102
1178,6,1,0.0024958402662229617,0.00038182512409316535,6.536604207201295,1.8774177962473688
49,6,1,0.0024958402662229617,0.00038182512409316535,6.536604207201295,1.8774177962473688
660,353,59,0.14683860232945092,0.022527682321496753,6.5181406450106945,1.874589158122228
861,154,26,0.06405990016638935,0.009927453226422299,6.452802965680177,1.8645146047327228
1295,145,25,0.06031613976705491,0.009545628102329133,6.318718746277775,1.8435164575869185
1680,17,3,0.007071547420965058,0.001145475372279496,6.173460446859398,1.8202595310819
1705,107,19,0.044509151414309486,0.007254677357770141,6.135235063639921,1.8140483926105981
779,123,22,0.05116472545757072,0.008400152730049638,6.090927938184713,1.8068004409166416
644,161,29,0.06697171381031614,0.011072928598701794,6.048238522313252,1.799767076312736
1119,83,15,0.034525790349417634,0.0057273768613974796,6.028202907215897,1.7964489409833873
1376,22,4,0.009151414309484194,0.0015273004963726614,5.9918881922908955,1.7904065865433136
1359,11,2,0.004575707154742097,0.0007636502481863307,5.991887865447059,1.7904065319955926
2023,11,2,0.004575707154742097,0.0007636502481863307,5.991887865447059,1.7904065319955926
1885,114,21,0.04742096505823627,0.008018327605956471,5.914071723834544,1.7773345491610297
1667,94,18,0.039101497504159734,0.006872852233676976,5.689267818626395,1.7385815612339
1478,67,13,0.027870216306156406,0.004963726613211149,5.614776561324128,1.7254017942239492
47,117,23,0.04866888519134775,0.008781977854142803,5.541904744635431,1.7123382583889646
540,61,12,0.025374376039933443,0.004581901489117984,5.537957471674552,1.7116257453539085
541,71,14,0.029534109816971715,0.005345551737304314,5.524988030396755,1.7092810809574435
1492,10,2,0.004159733777038269,0.0007636502481863307,5.4471707986745965,1.6950963543767221
1474,5,1,0.0020798668885191347,0.00038182512409316535,5.447170216317734,1.6950962474667473
1870,5,1,0.0020798668885191347,0.00038182512409316535,5.447170216317734,1.6950962474667473
782,5,1,0.0020798668885191347,0.00038182512409316535,5.447170216317734,1.6950962474667473
1720,5,1,0.0020798668885191347,0.00038182512409316535,5.447170216317734,1.6950962474667473
815,160,34,0.06655574043261231,0.012982054219167621,5.126749503300468,1.6344718332698378
1545,122,26,0.050748752079866885,0.009927453226422299,5.111960793086494,1.6315830474618032
404,158,34,0.06572379367720466,0.012982054219167621,5.062665134605499,1.6218930510819967
1565,60,13,0.024958402662229616,0.004963726613211149,5.028158116723443,1.6150537374736906
514,87,19,0.03618968386023295,0.007254677357770141,4.988462157124835,1.6071276773197651
985,32,7,0.013311148086522463,0.002672775868652157,4.9802708280242,1.605484272695242
228,182,40,0.07570715474209651,0.015273004963726614,4.956925930830796,1.6007857765888518
1315,50,11,0.020798668885191347,0.004200076365024819,4.951973888663107,1.5997862624812986
1915,126,28,0.0524126455906822,0.010691103474608629,4.902454206426569,1.589735938183253
775,9,2,0.0037437603993344427,0.0007636502481863307,4.902453731902137,1.5897358413900071
1936,9,2,0.0037437603993344427,0.0007636502481863307,4.902453731902137,1.5897358413900071
1589,40,9,0.016638935108153077,0.003436426116838488,4.841930004672383,1.577313402540331
707,93,21,0.03868552412645591,0.008018327605956471,4.824637461215024,1.5737355943959646
1556,87,20,0.03618968386023295,0.007636502481863307,4.739039052534788,1.555834383621425
1388,13,3,0.005407653910149751,0.001145475372279496,4.720881538727774,1.5519955488383521
647,17,4,0.007071547420965058,0.0015273004963726614,4.630095436196372,1.5325774804551175
1605,17,4,0.007071547420965058,0.0015273004963726614,4.630095436196372,1.5325774804551175
973,38,9,0.015806988352745424,0.003436426116838488,4.599833505893764,1.5260201084690963
1979,62,15,0.025790349417637273,0.0057273768613974796,4.502994947157177,1.504742719212915
1859,135,33,0.05615640599001664,0.012600229095074456,4.456776557046176,1.49442575966894
1255,143,35,0.05948419301164726,0.013363879343260786,4.45111715981876,1.4931551118213693
122,73,18,0.03036605657237937,0.006872852233676976,4.418261181545499,1.4857462208479912
1466,12,3,0.004991680532445923,0.001145475372279496,4.357736811694867,1.471952842705841
1103,8,2,0.0033277870216306157,0.0007636502481863307,4.357736665129675,1.4719528090725125
1271,8,2,0.0033277870216306157,0.0007636502481863307,4.357736665129675,1.4719528090725125
1709,8,2,0.0033277870216306157,0.0007636502481863307,4.357736665129675,1.4719528090725125
1072,4,1,0.0016638935108153079,0.00038182512409316535,4.357736225434174,1.4719527081725368
665,4,1,0.0016638935108153079,0.00038182512409316535,4.357736225434174,1.4719527081725368
998,4,1,0.0016638935108153079,0.00038182512409316535,4.357736225434174,1.4719527081725368
1124,4,1,0.0016638935108153079,0.00038182512409316535,4.357736225434174,1.4719527081725368
313,4,1,0.0016638935108153079,0.00038182512409316535,4.357736225434174,1.4719527081725368
1038,4,1,0.0016638935108153079,0.00038182512409316535,4.357736225434174,1.4719527081725368
565,4,1,0.0016638935108153079,0.00038182512409316535,4.357736225434174,1.4719527081725368
1223,4,1,0.0016638935108153079,0.00038182512409316535,4.357736225434174,1.4719527081725368
1542,99,25,0.04118136439267887,0.009545628102329133,4.314159699057901,1.4619025660712859
175,59,15,0.02454242928452579,0.0057273768613974796,4.285108095720216,1.4551457782706996
1032,47,12,0.019550748752079867,0.004581901489117984,4.266950843840229,1.450899484064566
473,165,43,0.06863560732113144,0.016418480336006108,4.18038731956046,1.4304039024259039
732,130,34,0.054076539101497505,0.012982054219167621,4.165483972875933,1.4268324688383243
212,19,5,0.007903494176372712,0.0019091256204658267,4.139850085118678,1.4206595758575864
554,156,42,0.064891846921797,0.016036655211912942,4.046470149769424,1.3978449331240936
930,78,21,0.0324459234608985,0.008018327605956471,4.046470130772508,1.3978449284294054
1134,26,7,0.010815307820299502,0.002672775868652157,4.046470054784841,1.3978449096506513
2027,26,7,0.010815307820299502,0.002672775868652157,4.046470054784841,1.3978449096506513
141,22,6,0.009151414309484194,0.002290950744558992,3.9945922153758997,1.3849415002601482
303,11,3,0.004575707154742097,0.001145475372279496,3.994592084661961,1.3849414675374234
467,11,3,0.004575707154742097,0.001145475372279496,3.994592084661961,1.3849414675374234
434,29,8,0.012063227953410981,0.0030546009927453228,3.9491991546985123,1.3735128127114073
447,36,10,0.014975041597337771,0.0038182512409316535,3.9219633178165427,1.3665923748024562
344,50,14,0.020798668885191347,0.005345551737304314,3.8908366466575734,1.3586242107663586
688,99,28,0.04118136439267887,0.010691103474608629,3.8519283070537838,1.3485738818867112
1012,81,23,0.03369384359400998,0.008781977854142803,3.836703288251285,1.3446134791768476
211,42,12,0.01747088186356073,0.004581901489117984,3.8130199053279705,1.3384215012467915
113,42,12,0.01747088186356073,0.004581901489117984,3.8130199053279705,1.3384215012467915
1150,21,6,0.008735440931780365,0.002290950744558992,3.8130198439338128,1.3384214851456013
1033,21,6,0.008735440931780365,0.002290950744558992,3.8130198439338128,1.3384214851456013
602,14,4,0.005823627287853577,0.0015273004963726614,3.813019782539659,1.338421469044412
397,14,4,0.005823627287853577,0.0015273004963726614,3.813019782539659,1.338421469044412
96,14,4,0.005823627287853577,0.0015273004963726614,3.813019782539659,1.338421469044412
196,7,2,0.0029118136439267887,0.0007636502481863307,3.8130195983572133,1.3384214207408467
2025,7,2,0.0029118136439267887,0.0007636502481863307,3.8130195983572133,1.3384214207408467
1009,31,9,0.012895174708818636,0.003436426116838488,3.7524957601685967,1.3224211546563798
893,96,28,0.03993344425956739,0.010691103474608629,3.735203207123474,1.3178022232958413
1687,17,5,0.007071547420965058,0.0019091256204658267,3.7040763974619755,1.3094339422359071
777,27,8,0.011231281198003328,0.0030546009927453228,3.67684059456327,1.302053849343311
1888,27,8,0.011231281198003328,0.0030546009927453228,3.67684059456327,1.302053849343311
1436,84,25,0.03494176372712146,0.009545628102329133,3.6604991401818556,1.2975995152136315
1937,198,59,0.08236272878535773,0.022527682321496753,3.656067559207251,1.2963881324165878
576,77,23,0.032029950083194675,0.008781977854142803,3.647236459764158,1.2939697465122693
907,40,12,0.016638935108153077,0.004581901489117984,3.6314475299230673,1.28963133736355
1508,30,9,0.012479201331114808,0.003436426116838488,3.6314475107792865,1.2896313320918833
1843,20,6,0.008319467554076539,0.002290950744558992,3.6314474724917267,1.2896313215485504
1493,10,3,0.004159733777038269,0.001145475372279496,3.631447357629054,1.289631289918553
1414,10,3,0.004159733777038269,0.001145475372279496,3.631447357629054,1.289631289918553
470,126,38,0.0524126455906822,0.014509354715540282,3.6123346873112165,1.2843542910935373
1239,69,21,0.02870216306156406,0.008018327605956471,3.5795697325069984,1.2752426067390796
693,36,11,0.014975041597337771,0.004200076365024819,3.5654212065039825,1.2712821973790402
1202,98,30,0.04076539101497504,0.011454753722794959,3.558818613268835,1.2694286395840915
632,13,4,0.005407653910149751,0.0015273004963726614,3.5406612313207546,1.2643134982115694
1156,29,9,0.012063227953410981,0.003436426116838488,3.510399261389977,1.2557297806925238
1373,125,39,0.05199667221297837,0.014891179839633447,3.4917765095690796,1.250410635233084
530,16,5,0.0066555740432612314,0.0019091256204658267,3.486189553633624,1.2488093213032958
92,51,16,0.021214642262895173,0.0061092019854906456,3.4725717149347455,1.244895447682134
1387,38,12,0.015806988352745424,0.004581901489117984,3.449875154518164,1.2383380432923152
1499,38,12,0.015806988352745424,0.004581901489117984,3.449875154518164,1.2383380432923152
1020,22,7,0.009151414309484194,0.002672775868652157,3.4239362059586016,1.230790826668604
1877,22,7,0.009151414309484194,0.002672775868652157,3.4239362059586016,1.230790826668604
1864,28,9,0.011647254575707155,0.003436426116838488,3.3893510120006676,1.220638461177313
1529,34,11,0.014143094841930116,0.004200076365024819,3.3673422519098217,1.2141237839319021
1327,123,40,0.05116472545757072,0.015273004963726614,3.3500103839477497,1.2089634455180664
1348,52,17,0.021630615640599003,0.006491027109583811,3.332387161875094,1.2036889125950199
1883,52,17,0.021630615640599003,0.006491027109583811,3.332387161875094,1.2036889125950199
1149,55,18,0.022878535773710483,0.006872852233676976,3.328826921190444,1.2026199660098293
1616,79,26,0.03286189683860233,0.009927453226422299,3.3102041236637323,1.1970098562681142
1865,82,27,0.03410981697171381,0.010309278350515464,3.308652223862313,1.196540923344245
912,85,28,0.035357737104825294,0.010691103474608629,3.307211174045673,1.1961052886423904
390,69,23,0.02870216306156406,0.008781977854142803,3.268302802789903,1.1842708296178248
1838,51,17,0.021214642262895173,0.006491027109583811,3.2683027936737625,1.1842708268285667
1983,30,10,0.012479201331114808,0.0038182512409316535,3.2683027692121183,1.1842708193440568
608,27,9,0.011231281198003328,0.003436426116838488,3.268302762611358,1.1842708173244274
48,21,7,0.008735440931780365,0.002672775868652157,3.268302743752041,1.1842708115540572
1594,21,7,0.008735440931780365,0.002672775868652157,3.268302743752041,1.1842708115540572
936,21,7,0.008735440931780365,0.002672775868652157,3.268302743752041,1.1842708115540572
904,18,6,0.0074875207986688855,0.002290950744558992,3.268302729607554,1.1842708072262798
1568,15,5,0.006239600665557404,0.0019091256204658267,3.2683027098052717,1.184270801167391
645,15,5,0.006239600665557404,0.0019091256204658267,3.2683027098052717,1.184270801167391
908,9,3,0.0037437603993344427,0.001145475372279496,3.2683026305961485,1.184270776931838
1153,9,3,0.0037437603993344427,0.001145475372279496,3.2683026305961485,1.184270776931838
127,9,3,0.0037437603993344427,0.001145475372279496,3.2683026305961485,1.184270776931838
154,6,2,0.0024958402662229617,0.0007636502481863307,3.2683025315847516,1.1842707466373978
1108,6,2,0.0024958402662229617,0.0007636502481863307,3.2683025315847516,1.1842707466373978
966,6,2,0.0024958402662229617,0.0007636502481863307,3.2683025315847516,1.1842707466373978
1868,3,1,0.0012479201331114808,0.00038182512409316535,3.2683022345506134,1.1842706557540879
1621,3,1,0.0012479201331114808,0.00038182512409316535,3.2683022345506134,1.1842706557540879
734,3,1,0.0012479201331114808,0.00038182512409316535,3.2683022345506134,1.1842706557540879
324,3,1,0.0012479201331114808,0.00038182512409316535,3.2683022345506134,1.1842706557540879
1974,3,1,0.0012479201331114808,0.00038182512409316535,3.2683022345506134,1.1842706557540879
332,3,1,0.0012479201331114808,0.00038182512409316535,3.2683022345506134,1.1842706557540879
1841,3,1,0.0012479201331114808,0.00038182512409316535,3.2683022345506134,1.1842706557540879
529,3,1,0.0012479201331114808,0.00038182512409316535,3.2683022345506134,1.1842706557540879
252,62,21,0.025790349417637273,0.008018327605956471,3.2164249783004917,1.1682704875802734
692,96,33,0.03993344425956739,0.012600229095074456,3.1692633317477856,1.1534991734217728
1417,346,119,0.14392678868552414,0.045437189767086675,3.1675988151234757,1.152973829292766
1003,61,21,0.025374376039933443,0.008018327605956471,3.1645471562709906,1.1520099667720571
1409,52,18,0.021630615640599003,0.006872852233676976,3.1472545444646016,1.1465304996109535
653,26,9,0.010815307820299502,0.003436426116838488,3.1472545132220486,1.1465304896840307
144,397,138,0.1651414309484193,0.052691867124856816,3.134097152862247,1.1423411430903148
1744,399,139,0.16597337770382695,0.053073692248949984,3.127225004670522,1.140146031330119
1831,40,14,0.016638935108153077,0.005345551737304314,3.112669321067487,1.1354806606541488
755,17,6,0.007071547420965058,0.002290950744558992,3.0867303581654673,1.1271123941719519
422,62,22,0.025790349417637273,0.008400152730049638,3.070223844663654,1.1217504725122633
439,31,11,0.012895174708818636,0.004200076365024819,3.070223820018581,1.1217504644851375
1437,28,10,0.011647254575707155,0.0038182512409316535,3.050415919677311,1.1152779484294866
1240,28,10,0.011647254575707155,0.0038182512409316535,3.050415919677311,1.1152779484294866
1879,289,104,0.120216306156406,0.039709812905689194,3.0273702431986442,1.1076943361372378
1708,36,13,0.014975041597337771,0.004963726613211149,3.0168948780925273,1.1042281163788112
1154,238,86,0.09900166389351081,0.032836960672012215,3.0149460140626796,1.1035819242353158
1282,83,30,0.034525790349417634,0.011454753722794959,3.014101479921054,1.103301769153442
2006,94,34,0.039101497504159734,0.012982054219167621,3.011965336366489,1.1025928013609618
152,80,29,0.033277870216306155,0.011072928598701794,3.005335916252012,1.100389347513987
1742,11,4,0.004575707154742097,0.0015273004963726614,2.9959441288829454,1.0972594169106409
155,63,23,0.0262063227953411,0.008781977854142803,2.9841025600592124,1.0932990517439134
1960,125,46,0.05199667221297837,0.017563955708285606,2.960419217659925,1.0853308858955415
1807,95,35,0.03951747088186356,0.013363879343260786,2.9570358779157995,1.08418737401141
1485,19,7,0.007903494176372712,0.002672775868652157,2.9570358193389215,1.0841873542020872
527,27,10,0.011231281198003328,0.0038182512409316535,2.941472494909907,1.078910304576601
1260,239,89,0.09941763727121464,0.033982436044291714,2.925559455157383,1.0734857291151456
2022,83,31,0.034525790349417634,0.011836578846888126,2.9168724007450293,1.0705119466120638
1581,174,65,0.0723793677204659,0.024818633066055747,2.916331747046352,1.070326575523884
1926,409,153,0.1701331114808652,0.058419243986254296,2.912278552075557,1.0689357823789902
1783,294,110,0.12229617304492513,0.042000763650248185,2.911760697308807,1.068757948835657
14,219,82,0.0910981697171381,0.031309660175639555,2.909586658403219,1.068011029308676
451,40,15,0.016638935108153077,0.0057273768613974796,2.9051580366194685,1.0664877904143402
321,32,12,0.013311148086522463,0.004581901489117984,2.9051580283034535,1.0664877875518401
1707,24,9,0.009983361064891847,0.003436426116838488,2.9051580144434292,1.066487782781007
2026,24,9,0.009983361064891847,0.003436426116838488,2.9051580144434292,1.066487782781007
669,8,3,0.0033277870216306157,0.001145475372279496,2.9051579035632424,1.0664877446143433
1579,8,3,0.0033277870216306157,0.001145475372279496,2.9051579035632424,1.0664877446143433
297,8,3,0.0033277870216306157,0.001145475372279496,2.9051579035632424,1.0664877446143433
1526,8,3,0.0033277870216306157,0.001145475372279496,2.9051579035632424,1.0664877446143433
633,8,3,0.0033277870216306157,0.001145475372279496,2.9051579035632424,1.0664877446143433
712,8,3,0.0033277870216306157,0.001145475372279496,2.9051579035632424,1.0664877446143433
781,331,125,0.1376871880199667,0.047728140511645666,2.8848219594452638,1.0594631855584595
286,50,19,0.020798668885191347,0.007254677357770141,2.8669322800719255,1.053242566138109
249,313,119,0.13019966722129783,0.045437189767086675,2.865486789613513,1.0527382448484484
67,26,10,0.010815307820299502,0.0038182512409316535,2.832529070142503,1.0411699769362042
1896,13,5,0.005407653910149751,0.0019091256204658267,2.832529022148569,1.041169959992359
588,178,69,0.0740432612312812,0.026345933562428408,2.810424647689496,1.033335592102349
550,18,7,0.0074875207986688855,0.002672775868652157,2.801402357132362,1.0301201336347356
676,18,7,0.0074875207986688855,0.002672775868652157,2.801402357132362,1.0301201336347356
1576,18,7,0.0074875207986688855,0.002672775868652157,2.801402357132362,1.0301201336347356
13,210,82,0.08735440931780367,0.031309660175639555,2.7900146040795484,1.0260468302566887
1793,56,22,0.02329450915141431,0.008400152730049638,2.7731054092353533,1.0199677786177588
1880,33,13,0.01372712146422629,0.004963726613211149,2.7654869732636627,1.017216739996252
567,91,36,0.037853577371048254,0.013745704467353952,2.7538477409845186,1.012999112280112
428,83,33,0.034525790349417634,0.012600229095074456,2.740092256648322,1.0079915901427532
1842,512,204,0.2129783693843594,0.07789232531500573,2.7342664164874164,1.005863179233613
824,75,30,0.03119800332778702,0.011454753722794959,2.7235856754689043,1.0019492752021022
1277,10,4,0.004159733777038269,0.0015273004963726614,2.7235855776640405,1.0019492392917704
953,10,4,0.004159733777038269,0.0015273004963726614,2.7235855776640405,1.0019492392917704
1461,5,2,0.0020798668885191347,0.0007636502481863307,2.72358546481229,1.001949197856776
360,5,2,0.0020798668885191347,0.0007636502481863307,2.72358546481229,1.001949197856776
949,5,2,0.0020798668885191347,0.0007636502481863307,2.72358546481229,1.001949197856776
1561,5,2,0.0020798668885191347,0.0007636502481863307,2.72358546481229,1.001949197856776
1684,5,2,0.0020798668885191347,0.0007636502481863307,2.72358546481229,1.001949197856776
1212,367,147,0.1526622296173045,0.056128293241695305,2.719880128689006,1.0005878090018558
845,114,46,0.04742096505823627,0.017563955708285606,2.6999023270068774,0.9932155971733077
1109,42,17,0.01747088186356073,0.006491027109583811,2.6915434798617834,0.9901148133976931
915,121,49,0.05033277870216306,0.018709431080565102,2.6902356526182105,0.9896287929806069
978,410,167,0.17054908485856904,0.06376479572355861,2.6746589988383183,0.98382189515229
1501,137,56,0.05698835274542429,0.021382206949217258,2.665223132216862,0.9802877810235481
884,44,18,0.018302828618968387,0.006872852233676976,2.663061539862355,0.9794764157883468
820,22,9,0.009151414309484194,0.003436426116838488,2.6630615156648103,0.9794764067019833
661,56,23,0.02329450915141431,0.008781977854142803,2.6525356102067392,0.9755160165645139
1015,17,7,0.007071547420965058,0.002672775868652157,2.645768894925802,0.9729617205804078
1519,17,7,0.007071547420965058,0.002672775868652157,2.645768894925802,0.9729617205804078
1407,17,7,0.007071547420965058,0.002672775868652157,2.645768894925802,0.9729617205804078
1536,526,217,0.21880199667221298,0.08285605192821688,2.6407485200682665,0.9710624072999859
1626,63,26,0.0262063227953411,0.009927453226422299,2.639783037366891,0.9706967309654605
1143,118,49,0.04908485856905158,0.018709431080565102,2.623535595247798,0.9645228719000419
1498,24,10,0.009983361064891847,0.0038182512409316535,2.6146422206076947,0.9611272700331805
1445,24,10,0.009983361064891847,0.0038182512409316535,2.6146422206076947,0.9611272700331805
1339,122,51,0.050748752079866885,0.019473081328751432,2.6060976720889095,0.9578539576967421
1759,26,11,0.010815307820299502,0.004200076365024819,2.575026433533179,0.9458597995127883
866,33,14,0.01372712146422629,0.005345551737304314,2.5679521931544267,0.9431087692815411
1869,54,23,0.022462562396006656,0.008781977854142803,2.5578021959631756,0.9391483725526338
939,28,12,0.011647254575707155,0.004581901489117984,2.5420132774936466,0.9329563960005317
246,21,9,0.008735440931780365,0.003436426116838488,2.5420132662755,0.9329563915874366
288,21,9,0.008735440931780365,0.003436426116838488,2.5420132662755,0.9329563915874366
372,14,6,0.005823627287853577,0.002290950744558992,2.5420132438392082,0.9329563827612466
1361,7,3,0.0029118136439267887,0.001145475372279496,2.542013176530336,0.9329563562826776
705,7,3,0.0029118136439267887,0.001145475372279496,2.542013176530336,0.9329563562826776
477,7,3,0.0029118136439267887,0.001145475372279496,2.542013176530336,0.9329563562826776
1129,7,3,0.0029118136439267887,0.001145475372279496,2.542013176530336,0.9329563562826776
207,81,35,0.03369384359400998,0.013363879343260786,2.5212621706941025,0.9247596375206829
1649,60,26,0.024958402662229616,0.009927453226422299,2.5140790836862332,0.9219065669868223
823,23,10,0.00956738768718802,0.0038182512409316535,2.5056987958402908,0.9185676560498919
1393,448,196,0.18635607321131448,0.07483772432226041,2.4901354864804395,0.9123371212374644
931,48,21,0.019966722129783693,0.008018327605956471,2.4901354698874774,0.9123371145739867
581,32,14,0.013311148086522463,0.005345551737304314,2.4901354605954182,0.912337110842439
1110,495,217,0.20590682196339435,0.08285605192821688,2.485115052226628,0.9103189571595888
351,447,196,0.18594009983361065,0.07483772432226041,2.484577148343957,0.9101024834372484
1672,41,18,0.017054908485856904,0.006872852233676976,2.4814891631365126,0.9088588489741716
809,282,124,0.11730449251247921,0.047346315387552504,2.4775843992193844,0.907284052926076
1435,425,187,0.17678868552412647,0.07140129820542192,2.4759869893108357,0.9066391000875564
860,34,15,0.014143094841930116,0.0057273768613974796,2.469384333745548,0.9039688619771534
278,27,12,0.011231281198003328,0.004581901489117984,2.451227089791195,0.8965887521476464
1363,18,8,0.0074875207986688855,0.0030546009927453228,2.45122707395468,0.8965887456869984
616,9,4,0.0037437603993344427,0.0015273004963726614,2.4512270264451366,0.8965887263050553
1830,9,4,0.0037437603993344427,0.0015273004963726614,2.4512270264451366,0.8965887263050553
580,9,4,0.0037437603993344427,0.0015273004963726614,2.4512270264451366,0.8965887263050553
1098,9,4,0.0037437603993344427,0.0015273004963726614,2.4512270264451366,0.8965887263050553
1185,9,4,0.0037437603993344427,0.0015273004963726614,2.4512270264451366,0.8965887263050553
498,9,4,0.0037437603993344427,0.0015273004963726614,2.4512270264451366,0.8965887263050553
244,9,4,0.0037437603993344427,0.0015273004963726614,2.4512270264451366,0.8965887263050553
940,200,89,0.08319467554076539,0.033982436044291714,2.448166908561681,0.8953395439278138
2014,128,57,0.05324459234608985,0.021764032073310423,2.4464488943084977,0.894637542221069
1733,128,57,0.05324459234608985,0.021764032073310423,2.4464488943084977,0.894637542221069
328,101,45,0.04201331114808652,0.01718213058419244,2.4451747004077182,0.8941165724837512
739,695,310,0.28910149750415975,0.11836578846888125,2.4424413599536097,0.8929980964392745
1453,336,150,0.13976705490848584,0.0572737686139748,2.440332776187342,0.8921344136890385
1283,399,179,0.16597337770382695,0.0683466972126766,2.428403775599016,0.8872341590410999
1052,42,19,0.01747088186356073,0.007254677357770141,2.408223117465891,0.8788891799091406
929,44,20,0.018302828618968387,0.007636502481863307,2.3967553893633986,0.8741159015855204
414,11,5,0.004575707154742097,0.0019091256204658267,2.3967553344918655,0.8741158786914304
1567,232,106,0.09650582362728785,0.040473463153875525,2.3844221860121384,0.8689568249723085
1618,398,182,0.16555740432612312,0.06949217258495609,2.3823892393849935,0.8681038662252654
1665,574,263,0.23876871880199668,0.10042000763650248,2.3777006622874888,0.8661339124174136
999,24,11,0.009983361064891847,0.004200076365024819,2.376947478939018,0.8658170926097647
841,552,254,0.22961730449251247,0.09698358151966399,2.3675894492429865,0.8618723275155774
179,13,6,0.005407653910149751,0.002290950744558992,2.3604408723971217,0.8588484119284038
1995,13,6,0.005407653910149751,0.002290950744558992,2.3604408723971217,0.8588484119284038
358,13,6,0.005407653910149751,0.002290950744558992,2.3604408723971217,0.8588484119284038
146,13,6,0.005407653910149751,0.002290950744558992,2.3604408723971217,0.8588484119284038
2016,396,184,0.16472545757071547,0.07025582283314243,2.3446520273127147,0.8521370016818098
469,99,46,0.04118136439267887,0.017563955708285606,2.3446520215709037,0.852136999232913
525,58,27,0.024126455906821963,0.010309278350515464,2.340266209961148,0.8502646878395316
1055,30,14,0.012479201331114808,0.005345551737304314,2.334501995477401,0.8477985902057011
1141,30,14,0.012479201331114808,0.005345551737304314,2.334501995477401,0.8477985902057011
870,15,7,0.006239600665557404,0.002672775868652157,2.334501970512682,0.847798579511892
218,94,44,0.039101497504159734,0.016800305460099276,2.3274277639941134,0.8447636938095303
1031,126,59,0.0524126455906822,0.022527682321496753,2.3265884483824264,0.8444030093673257
1342,81,38,0.03369384359400998,0.014509354715540282,2.3222151585901054,0.8425215398744628
574,49,23,0.02038269550748752,0.008781977854142803,2.3209686603542665,0.8419846245532567
1449,34,16,0.014143094841930116,0.0061092019854906456,2.315047815412747,0.8394303419308322
955,36,17,0.014975041597337771,0.006491027109583811,2.307037270653798,0.8359641345244032
1945,38,18,0.015806988352745424,0.006872852233676976,2.2999167864106704,0.8328729424591509
383,191,91,0.07945091514143095,0.034746086292478044,2.2866147958070684,0.8270724687630102
1249,69,33,0.02870216306156406,0.012600229095074456,2.277908021925823,0.8232574875310872
1655,73,35,0.03036605657237937,0.013363879343260786,2.272248623710276,0.8207699243218849
254,29,14,0.012063227953410981,0.005345551737304314,2.2566852629183924,0.8138970388063417
12,35,17,0.014559068219633943,0.006491027109583811,2.2429529024524664,0.8077932577485003
1513,39,19,0.01622296173044925,0.007254677357770141,2.236207181488628,0.8047812081957119
532,49,24,0.02038269550748752,0.009163802978235968,2.224261633894821,0.7994250106089174
1948,55,27,0.022878535773710483,0.010309278350515464,2.2192179582235028,0.7971548627516647
203,120,60,0.04991680532445923,0.022909507445589918,2.1788685472668843,0.7788057270508923
997,104,52,0.04326123128119801,0.019854906452844597,2.178868546475229,0.7788057266875591
1741,50,25,0.020798668885191347,0.009545628102329133,2.178868540062819,0.7788057237445591
921,38,19,0.015806988352745424,0.007254677357770141,2.1788685361628737,0.7788057219546645
1217,36,18,0.014975041597337771,0.006872852233676976,2.1788685352601087,0.778805721540337
1343,18,9,0.0074875207986688855,0.003436426116838488,2.1788685181075715,0.7788057136681148
1399,18,9,0.0074875207986688855,0.003436426116838488,2.1788685181075715,0.7788057136681148
272,16,8,0.0066555740432612314,0.0030546009927453228,2.1788685138194372,0.7788057117000593
76,14,7,0.005823627287853577,0.002672775868652157,2.178868508306122,0.7788057091697023
1314,14,7,0.005823627287853577,0.002672775868652157,2.178868508306122,0.7788057091697023
603,12,6,0.004991680532445923,0.002290950744558992,2.1788685009550353,0.7788057057958929
243,12,6,0.004991680532445923,0.002290950744558992,2.1788685009550353,0.7788057057958929
869,10,5,0.004159733777038269,0.0019091256204658267,2.1788684906635134,0.7788057010725598
1796,10,5,0.004159733777038269,0.0019091256204658267,2.1788684906635134,0.7788057010725598
1341,10,5,0.004159733777038269,0.0019091256204658267,2.1788684906635134,0.7788057010725598
1298,10,5,0.004159733777038269,0.0019091256204658267,2.1788684906635134,0.7788057010725598
1610,10,5,0.004159733777038269,0.0019091256204658267,2.1788684906635134,0.7788057010725598
742,10,5,0.004159733777038269,0.0019091256204658267,2.1788684906635134,0.7788057010725598
1490,10,5,0.004159733777038269,0.0019091256204658267,2.1788684906635134,0.7788057010725598
842,8,4,0.0033277870216306157,0.0015273004963726614,2.178868475226232,0.7788056939875607
1378,8,4,0.0033277870216306157,0.0015273004963726614,2.178868475226232,0.7788056939875607
551,6,3,0.0024958402662229617,0.001145475372279496,2.17886844949743,0.7788056821792287
1533,6,3,0.0024958402662229617,0.001145475372279496,2.17886844949743,0.7788056821792287
868,6,3,0.0024958402662229617,0.001145475372279496,2.17886844949743,0.7788056821792287
1585,6,3,0.0024958402662229617,0.001145475372279496,2.17886844949743,0.7788056821792287
1319,6,3,0.0024958402662229617,0.001145475372279496,2.17886844949743,0.7788056821792287
1330,6,3,0.0024958402662229617,0.001145475372279496,2.17886844949743,0.7788056821792287
1188,4,2,0.0016638935108153079,0.0007636502481863307,2.1788683980398287,0.7788056585625657
1550,4,2,0.0016638935108153079,0.0007636502481863307,2.1788683980398287,0.7788056585625657
1193,4,2,0.0016638935108153079,0.0007636502481863307,2.1788683980398287,0.7788056585625657
268,4,2,0.0016638935108153079,0.0007636502481863307,2.1788683980398287,0.7788056585625657
304,2,1,0.0008319467554076539,0.00038182512409316535,2.178868243667053,0.7788055877125861
70,2,1,0.0008319467554076539,0.00038182512409316535,2.178868243667053,0.7788055877125861
308,2,1,0.0008319467554076539,0.00038182512409316535,2.178868243667053,0.7788055877125861
506,2,1,0.0008319467554076539,0.00038182512409316535,2.178868243667053,0.7788055877125861
1304,2,1,0.0008319467554076539,0.00038182512409316535,2.178868243667053,0.7788055877125861
1144,2,1,0.0008319467554076539,0.00038182512409316535,2.178868243667053,0.7788055877125861
1549,2,1,0.0008319467554076539,0.00038182512409316535,2.178868243667053,0.7788055877125861
654,365,184,0.15183028286189684,0.07025582283314243,2.1611060353870335,0.7706201440613802
1082,402,205,0.16722129783693843,0.0782741504390989,2.136354042621125,0.7591006576536756
559,43,22,0.01788685524126456,0.008400152730049638,2.1293487991407014,0.7558162048740126
516,201,103,0.08361064891846921,0.039327987781596026,2.1259833905104446,0.7542344673353549
849,111,57,0.04617304492512479,0.021764032073310423,2.1215299011433886,0.7521374799014267
1726,37,19,0.015391014975041598,0.007254677357770141,2.1215298908371194,0.7521374750434846
114,502,259,0.20881863560732114,0.09889270714012982,2.111567592140751,0.7474306063124928
1496,31,16,0.012895174708818636,0.0061092019854906456,2.1107788919676884,0.7470570224840675
107,346,179,0.14392678868552414,0.0683466972126766,2.105833850713798,0.7447115173012523
284,655,339,0.27246256239600664,0.12943871706758306,2.1049541316393916,0.7442936767018716
83,52,27,0.021630615640599003,0.010309278350515464,2.0981697064858573,0.7410653963527891
1145,273,142,0.11356073211314476,0.054219167621229476,2.0944757543498795,0.7393032854725324
977,23,12,0.00956738768718802,0.004581901489117984,2.0880823389813883,0.7362461036209371
652,42,22,0.01747088186356073,0.008400152730049638,2.079829059902651,0.7322857075969301
1691,80,42,0.033277870216306155,0.016036655211912942,2.0751129003555655,0.7300155620124127
1716,76,40,0.03161397670549085,0.015273004963726614,2.0699251177866786,0.7275124316406664
158,57,30,0.023710482529118136,0.011454753722794959,2.0699251154515674,0.7275124305125525
81,38,20,0.015806988352745424,0.007636502481863307,2.069925110781344,0.7275124282563243
2013,17,9,0.007071547420965058,0.003436426116838488,2.057820268718262,0.721647300613787
1272,17,9,0.007071547420965058,0.003436426116838488,2.057820268718262,0.721647300613787
857,115,61,0.0478369384359401,0.023291332569683087,2.053851499798744,0.7197168108395444
1410,352,187,0.1464226289517471,0.07140129820542192,2.05069981256389,0.7181811068785441
798,530,282,0.22046589018302828,0.10767468499427263,2.047518319556759,0.7166284839855291
1615,30,16,0.012479201331114808,0.0061092019854906456,2.0426892508193353,0.7142671999195711
1210,15,8,0.006239600665557404,0.0030546009927453228,2.042689233751816,0.7142671915641546
1517,411,220,0.17096505823627287,0.08400152730049637,2.0352613056802897,0.7106242163909471
1815,28,15,0.011647254575707155,0.0057273768613974796,2.0336106308716277,0.709812849051322
419,108,58,0.04492512479201331,0.022145857197403588,2.0286017510498633,0.7073467631408228
881,130,70,0.054076539101497505,0.026727758686521573,2.02323508055481,0.7046977553666394
1591,13,7,0.005407653910149751,0.002672775868652157,2.0232350460995625,0.7046977383368597
1911,693,375,0.2882695507487521,0.143184421534937,2.013274541721614,0.6997625217206037
1923,112,61,0.04658901830282862,0.023291332569683087,2.0002727651333885,0.6932835538273828
330,11,6,0.004575707154742097,0.002290950744558992,1.997296129512949,0.6917943306274754
970,29,16,0.012063227953410981,0.0061092019854906456,1.9745996096709826,0.6803656485202116
488,56,31,0.02329450915141431,0.011836578846888126,1.9680102972268445,0.6770230309470867
555,45,25,0.018718801996672214,0.009545628102329133,1.9609816871041372,0.6734452086209551
918,18,10,0.0074875207986688855,0.0038182512409316535,1.960981672003271,0.6734452009202885
738,9,5,0.0037437603993344427,0.0019091256204658267,1.9609816468351624,0.6734451880858449
1130,9,5,0.0037437603993344427,0.0019091256204658267,1.9609816468351624,0.6734451880858449
1551,9,5,0.0037437603993344427,0.0019091256204658267,1.9609816468351624,0.6734451880858449
1008,9,5,0.0037437603993344427,0.0019091256204658267,1.9609816468351624,0.6734451880858449
27,43,24,0.01788685524126456,0.009163802978235968,1.951903067815353,0.6688048288764283
531,77,43,0.032029950083194675,0.016418480336006108,1.9508474190432539,0.6682638520441154
79,136,76,0.056572379367720464,0.029018709431080564,1.9495139646760815,0.667580092623929
239,25,14,0.010399334442595673,0.005345551737304314,1.9454183326823578,0.6654770350144131
1692,82,46,0.03410981697171381,0.017563955708285606,1.942035008743467,0.6637363968660007
407,160,90,0.06655574043261231,0.03436426116838488,1.9367720438630112,0.6610226923486753
1847,119,67,0.049500831946755405,0.025582283314242078,1.9349653525923132,0.6600894206843898
102,428,241,0.17803660565723795,0.09201985490645284,1.9347629459398001,0.6599848104187159
910,55,31,0.022878535773710483,0.011836578846888126,1.9328672563558007,0.6590045255224605
94,101,57,0.04201331114808652,0.021764032073310423,1.930401081634501,0.6577277956447841
1575,152,86,0.0632279534109817,0.032836960672012215,1.9255117411740643,0.6551917719816124
1460,30,17,0.012479201331114808,0.006491027109583811,1.9225310614458115,0.653642579066004
2017,51,29,0.021214642262895173,0.011072928598701794,1.9159016498844077,0.6501883472731566
1554,63,36,0.0262063227953411,0.013745704467353952,1.906509976766205,0.6452743333289095
760,21,12,0.008735440931780365,0.004581901489117984,1.9065099635764848,0.6452743264106555
952,14,8,0.005823627287853577,0.0030546009927453228,1.906509953684195,0.6452743212219652
226,14,8,0.005823627287853577,0.0030546009927453228,1.906509953684195,0.6452743212219652
789,14,8,0.005823627287853577,0.0030546009927453228,1.906509953684195,0.6452743212219652
89,7,4,0.0029118136439267887,0.0015273004963726614,1.9065099240073275,0.645274305655895
1146,7,4,0.0029118136439267887,0.0015273004963726614,1.9065099240073275,0.645274305655895
312,7,4,0.0029118136439267887,0.0015273004963726614,1.9065099240073275,0.645274305655895
1704,7,4,0.0029118136439267887,0.0015273004963726614,1.9065099240073275,0.645274305655895
1070,248,142,0.10316139767054909,0.054219167621229476,1.9026739455123785,0.6432602365413238
993,82,47,0.03410981697171381,0.01794578083237877,1.9007151151706632,0.642230191766175
1470,40,23,0.016638935108153077,0.008781977854142803,1.8946682962582297,0.6390437816604438
960,33,19,0.01372712146422629,0.007254677357770141,1.892175309534102,0.6377271246532915
751,59,34,0.02454242928452579,0.012982054219167621,1.8904888842045298,0.636835464513807
1656,52,30,0.021630615640599003,0.011454753722794959,1.888352737668974,0.6357048816649629
816,344,199,0.14309484193011648,0.0759831996945399,1.8832431697671042,0.6329953808842766
1973,19,11,0.007903494176372712,0.004200076365024819,1.8817500924536166,0.6322022440642244
1765,150,87,0.06239600665557404,0.033218785796105384,1.8783349563323275,0.6303857228866075
1424,31,18,0.012895174708818636,0.006872852233676976,1.8762479073837046,0.6292739886464341
1762,43,25,0.01788685524126456,0.009545628102329133,1.8738269459206645,0.6279828347926733
700,12,7,0.004991680532445923,0.002672775868652157,1.8676015838930025,0.6246550322043487
1657,12,7,0.004991680532445923,0.002672775868652157,1.8676015838930025,0.6246550322043487
1732,12,7,0.004991680532445923,0.002672775868652157,1.8676015838930025,0.6246550322043487
725,517,303,0.21505823627287854,0.1156930126002291,1.8588697048637985,0.6199686174523077
1163,68,40,0.028286189683860232,0.015273004963726614,1.8520382639720283,0.6162867969025783
1182,17,10,0.007071547420965058,0.0038182512409316535,1.8520382472358667,0.6162867878659606
1906,17,10,0.007071547420965058,0.0038182512409316535,1.8520382472358667,0.6162867878659606
487,17,10,0.007071547420965058,0.0038182512409316535,1.8520382472358667,0.6162867878659606
474,44,26,0.018302828618968387,0.009927453226422299,1.8436579973893916,0.6117516401399524
149,22,13,0.009151414309484194,0.004963726613211149,1.8436579888911597,0.6117516355305119
262,27,16,0.011231281198003328,0.0061092019854906456,1.838420327374277,0.6089066851521153
1693,32,19,0.013311148086522463,0.007254677357770141,1.834836664208348,0.6069554662141895
1259,32,19,0.013311148086522463,0.007254677357770141,1.834836664208348,0.6069554662141895
1102,259,154,0.10773710482529118,0.05880106911034746,1.8322303722043927,0.6055340073660582
1970,413,247,0.17179700499168052,0.09431080565101184,1.8216046795871783,0.5997178047074276
2047,15,9,0.006239600665557404,0.003436426116838488,1.8157237699396427,0.5964841595452712
1246,15,9,0.006239600665557404,0.003436426116838488,1.8157237699396427,0.5964841595452712
1743,5,3,0.0020798668885191347,0.001145475372279496,1.8157237224645235,0.596484133398607
259,5,3,0.0020798668885191347,0.001145475372279496,1.8157237224645235,0.596484133398607
1231,5,3,0.0020798668885191347,0.001145475372279496,1.8157237224645235,0.596484133398607
1918,5,3,0.0020798668885191347,0.001145475372279496,1.8157237224645235,0.596484133398607
353,5,3,0.0020798668885191347,0.001145475372279496,1.8157237224645235,0.596484133398607
1365,678,407,0.2820299500831947,0.1554028255059183,1.814831545588409,0.5959926510614976
322,910,550,0.3785357737104825,0.21000381825124093,1.802518529341044,0.5891848699249869
1669,91,55,0.037853577371048254,0.021000381825124093,1.8025185259017413,0.5891848680169329
140,653,396,0.271630615640599,0.15120274914089346,1.7964661165508442,0.5858214665813476
1482,51,31,0.021214642262895173,0.011836578846888126,1.792295092871625,0.5834969733571316
1634,97,59,0.040349417637271213,0.022527682321496753,1.7911038065224276,0.5828320814896446
165,271,165,0.1127287853577371,0.06300114547537228,1.7893132645163172,0.5818318951315462
1446,36,22,0.014975041597337771,0.008400152730049638,1.7827106244743502,0.5781350287236402
1951,85,52,0.035357737104825294,0.019854906452844597,1.780806024481622,0.5770660845531996
1608,13,8,0.005407653910149751,0.0030546009927453228,1.770330673616574,0.5711663503891226
66,13,8,0.005407653910149751,0.0030546009927453228,1.770330673616574,0.5711663503891226
737,13,8,0.005407653910149751,0.0030546009927453228,1.770330673616574,0.5711663503891226
1306,13,8,0.005407653910149751,0.0030546009927453228,1.770330673616574,0.5711663503891226
1500,13,8,0.005407653910149751,0.0030546009927453228,1.770330673616574,0.5711663503891226
629,42,26,0.01747088186356073,0.009927453226422299,1.759855361602286,0.5652316247652326
87,42,26,0.01747088186356073,0.009927453226422299,1.759855361602286,0.5652316247652326
1860,21,13,0.008735440931780365,0.004963726613211149,1.7598553539482047,0.5652316204159653
1599,50,31,0.020798668885191347,0.011836578846888126,1.7571520520005812,0.5636943461552264
103,37,23,0.015391014975041598,0.008781977854142803,1.7525681748928843,0.5610822406780293
1734,45,28,0.018718801996672214,0.010691103474608629,1.7508765083082134,0.5601165244363805
496,45,28,0.018718801996672214,0.010691103474608629,1.7508765083082134,0.5601165244363805
255,294,183,0.12229617304492513,0.06987399770904926,1.7502386721758,0.5597521627364139
185,48,30,0.019966722129783693,0.011454753722794959,1.7430948354428988,0.5556621743766827
282,32,20,0.013311148086522463,0.007636502481863307,1.7430948321992896,0.5556621725158493
1305,24,15,0.009983361064891847,0.0057273768613974796,1.743094828955681,0.5556621706550161
500,8,5,0.0033277870216306157,0.0019091256204658267,1.7430948030068107,0.5556621557683502
112,8,5,0.0033277870216306157,0.0019091256204658267,1.7430948030068107,0.5556621557683502
806,318,199,0.13227953410981697,0.0759831996945399,1.7409050233144103,0.5544051063481926
1972,97,61,0.040349417637271213,0.023291332569683087,1.73237909180661,0.549495661367593
1060,448,282,0.18635607321131448,0.10767468499427263,1.7307324664860064,0.548544709937369
2024,27,17,0.011231281198003328,0.006491027109583811,1.7302779568418187,0.5482820642985481
1381,19,12,0.007903494176372712,0.004581901489117984,1.7249375881715816,0.5451908690586856
617,19,12,0.007903494176372712,0.004581901489117984,1.7249375881715816,0.5451908690586856
1840,531,336,0.2208818635607321,0.12829324169530354,1.721695239513528,0.5433094098046147
803,30,19,0.012479201331114808,0.007254677357770141,1.7201593735568392,0.5424169455774516
33,131,83,0.05449251247920133,0.03169148529973272,1.7194685541518009,0.5420152629368602
1452,979,623,0.4072379367720466,0.237877052310042,1.7119681480249207,0.5376436724208424
828,22,14,0.009151414309484194,0.005345551737304314,1.7119681350053322,0.5376436648158011
1420,22,14,0.009151414309484194,0.005345551737304314,1.7119681350053322,0.5376436648158011
740,11,7,0.004575707154742097,0.002672775868652157,1.7119681216864429,0.5376436570359312
1985,296,189,0.12312811980033278,0.07216494845360824,1.7062039448260147,0.5342709875434797
1921,249,159,0.10357737104825292,0.06071019473081329,1.7060951861034468,0.5342072424153818
612,25,16,0.010399334442595673,0.0061092019854906456,1.7022410450775711,0.5319456447282832
810,28,18,0.011647254575707155,0.006872852233676976,1.694675530657862,0.5274912951673673
1524,115,74,0.0478369384359401,0.028255059182894234,1.6930397511110813,0.5265255825629397
1853,550,354,0.22878535773710482,0.13516609392898052,1.6926238749493767,0.5262799136426163
1457,215,139,0.0894342762063228,0.053073692248949984,1.685096181330451,0.5218226430835515
666,51,33,0.021214642262895173,0.012600229095074456,1.6836711487111815,0.5209766168878212
421,34,22,0.014143094841930116,0.008400152730049638,1.6836711459982499,0.520976615276502
827,17,11,0.007071547420965058,0.004200076365024819,1.683671137859456,0.520976610442545
310,462,299,0.19217970049916805,0.11416571210385644,1.6833399178205832,0.5207798661880927
716,154,100,0.06405990016638935,0.038182512409316534,1.6777287835827652,0.5174409642201904
1301,20,13,0.008319467554076539,0.004963726613211149,1.6760527190052499,0.5164414568189142
621,20,13,0.008319467554076539,0.004963726613211149,1.6760527190052499,0.5164414568189142
1487,397,259,0.1651414309484193,0.09889270714012982,1.6699050481793902,0.5127667674346111
1014,26,17,0.010815307820299502,0.006491027109583811,1.666193588640488,0.5105417366581514
724,55,36,0.022878535773710483,0.013745704467353952,1.6644134727038298,0.5094727927248839
374,58,38,0.024126455906821963,0.014509354715540282,1.6628207327993152,0.5085153969253697
1121,29,19,0.012063227953410981,0.007254677357770141,1.662820728231085,0.508515394178092
1994,73,48,0.03036605657237937,0.018327605956471937,1.6568479581465225,0.5049169769300146
1522,197,131,0.0819467554076539,0.050019091256204656,1.6383095591257426,0.49366495361051843
1227,51,34,0.021214642262895173,0.012982054219167621,1.6341514094246532,0.49112365397156243
1402,39,26,0.01622296173044925,0.009927453226422299,1.6341514079216284,0.49112365305180383
177,33,22,0.01372712146422629,0.008400152730049638,1.6341514067601999,0.49112365234108113
582,27,18,0.011231281198003328,0.006872852233676976,1.6341514050825814,0.49112365131448193
1083,24,16,0.009983361064891847,0.0061092019854906456,1.6341514039292184,0.49112365060869484
1294,24,16,0.009983361064891847,0.0061092019854906456,1.6341514039292184,0.49112365060869484
1232,18,12,0.0074875207986688855,0.004581901489117984,1.63415140046913,0.49112364849133383
130,15,10,0.006239600665557404,0.0038182512409316535,1.6341513977010589,0.49112364679744486
2036,12,8,0.004991680532445923,0.0030546009927453228,1.6341513935489527,0.4911236442566116
596,12,8,0.004991680532445923,0.0030546009927453228,1.6341513935489527,0.4911236442566116
853,12,8,0.004991680532445923,0.0030546009927453228,1.6341513935489527,0.4911236442566116
942,12,8,0.004991680532445923,0.0030546009927453228,1.6341513935489527,0.4911236442566116
1148,9,6,0.0037437603993344427,0.002290950744558992,1.6341513866287762,0.49112364002188985
1261,9,6,0.0037437603993344427,0.002290950744558992,1.6341513866287762,0.49112364002188985
1909,9,6,0.0037437603993344427,0.002290950744558992,1.6341513866287762,0.49112364002188985
1703,9,6,0.0037437603993344427,0.002290950744558992,1.6341513866287762,0.49112364002188985
400,6,4,0.0024958402662229617,0.0015273004963726614,1.634151372788423,0.491123631552446
560,6,4,0.0024958402662229617,0.0015273004963726614,1.634151372788423,0.491123631552446
431,6,4,0.0024958402662229617,0.0015273004963726614,1.634151372788423,0.491123631552446
972,6,4,0.0024958402662229617,0.0015273004963726614,1.634151372788423,0.491123631552446
2012,6,4,0.0024958402662229617,0.0015273004963726614,1.634151372788423,0.491123631552446
1073,6,4,0.0024958402662229617,0.0015273004963726614,1.634151372788423,0.491123631552446
698,3,2,0.0012479201331114808,0.0007636502481863307,1.6341513312673672,0.4911236061441167
169,3,2,0.0012479201331114808,0.0007636502481863307,1.6341513312673672,0.4911236061441167
1713,3,2,0.0012479201331114808,0.0007636502481863307,1.6341513312673672,0.4911236061441167
427,3,2,0.0012479201331114808,0.0007636502481863307,1.6341513312673672,0.4911236061441167
176,3,2,0.0012479201331114808,0.0007636502481863307,1.6341513312673672,0.4911236061441167
651,3,2,0.0012479201331114808,0.0007636502481863307,1.6341513312673672,0.4911236061441167
811,73,49,0.03036605657237937,0.018709431080565102,1.6230347346916074,0.4842976898386309
1096,49,33,0.02038269550748752,0.012600229095074456,1.6176448294651102,0.48097128246651893
1922,95,64,0.03951747088186356,0.024436807941962582,1.6171290012183528,0.4806523555318215
1275,46,31,0.01913477537437604,0.011836578846888126,1.6165798885164058,0.4803127376342624
237,136,92,0.056572379367720464,0.03512791141657121,1.6104680587410685,0.4765248564605332
1766,34,23,0.014143094841930116,0.008781977854142803,1.6104680535275386,0.47652485322325705
1034,133,90,0.055324459234608984,0.03436426116838488,1.6099417619521907,0.47619800564162107
1101,103,70,0.04284525790349417,0.026727758686521573,1.6030247184474151,0.4718922936254423
663,25,17,0.010399334442595673,0.006491027109583811,1.6021092204391567,0.471321023874716
1049,97,66,0.040349417637271213,0.025200458190148912,1.601138252039018,0.4707147838397396
1254,66,45,0.02745424292845258,0.01718213058419244,1.597836934956529,0.4686507989311436
1866,345,236,0.1435108153078203,0.09011072928598701,1.5926051912541448,0.4653711604454295
1503,19,13,0.007903494176372712,0.004963726613211149,1.592250084062295,0.46514816306399526
1673,19,13,0.007903494176372712,0.004963726613211149,1.592250084062295,0.46514816306399526
343,48,33,0.019966722129783693,0.012600229095074456,1.5846316698420746,0.46035199536599414
1242,32,22,0.013311148086522463,0.008400152730049638,1.5846316675221497,0.4603519939019789
2034,32,22,0.013311148086522463,0.008400152730049638,1.5846316675221497,0.4603519939019789
1142,16,11,0.0066555740432612314,0.004200076365024819,1.5846316605623756,0.46035198950993356
594,29,20,0.012063227953410981,0.007636502481863307,1.5796796929082624,0.45722210047975187
624,55,38,0.022878535773710483,0.014509354715540282,1.576812764217908,0.45540557183750285
787,130,90,0.054076539101497505,0.03436426116838488,1.573627286184322,0.4533833279171618
909,130,90,0.054076539101497505,0.03436426116838488,1.573627286184322,0.4533833279171618
1404,52,36,0.021630615640599003,0.013745704467353952,1.5736272836804392,0.4533833263260082
680,39,27,0.01622296173044925,0.010309278350515464,1.5736272822893929,0.45338332544203375
837,26,18,0.010815307820299502,0.006872852233676976,1.5736272795073005,0.453383323674085
934,13,9,0.005407653910149751,0.003436426116838488,1.5736272711610237,0.453383318370239
1981,13,9,0.005407653910149751,0.003436426116838488,1.5736272711610237,0.453383318370239
413,13,9,0.005407653910149751,0.003436426116838488,1.5736272711610237,0.453383318370239
90,85,59,0.035357737104825294,0.022527682321496753,1.5695239547182902,0.450772359826463
1723,36,25,0.014975041597337771,0.009545628102329133,1.5687853517785095,0.4503016586423008
1028,409,286,0.1701331114808652,0.10920198549064529,1.5579671986792112,0.4433818937476036
394,40,28,0.016638935108153077,0.010691103474608629,1.556334675091031,0.44233348944777484
946,30,21,0.012479201331114808,0.008018327605956471,1.5563346733564587,0.44233348833325087
1848,20,14,0.008319467554076539,0.005345551737304314,1.5563346698873146,0.44233348610420326
1739,10,7,0.004159733777038269,0.002672775868652157,1.5563346594798828,0.4423334794170607
157,10,7,0.004159733777038269,0.002672775868652157,1.5563346594798828,0.4423334794170607
1406,10,7,0.004159733777038269,0.002672775868652157,1.5563346594798828,0.4423334794170607
128,10,7,0.004159733777038269,0.002672775868652157,1.5563346594798828,0.4423334794170607
34,57,40,0.023710482529118136,0.015273004963726614,1.552443839976884,0.4398303602432715
446,47,33,0.019550748752079867,0.012600229095074456,1.551618510219039,0.43929858627472207
1572,88,62,0.036605657237936774,0.023673157693776252,1.5462938090819687,0.4358609767933533
1302,34,24,0.014143094841930116,0.009163802978235968,1.5433652186961508,0.4339652392789176
245,17,12,0.007071547420965058,0.004581901489117984,1.5433652127666782,0.43396523543700605
1944,31,22,0.012895174708818636,0.008400152730049638,1.5351119282840997,0.4286032958297374
1159,38,27,0.015806988352745424,0.010309278350515464,1.533277865043511,0.42740783920098635
491,143,102,0.05948419301164726,0.038946162657502864,1.5273441309744387,0.4235303649417218
1791,56,40,0.02329450915141431,0.015273004963726614,1.5252079832500527,0.4221307832191838
747,28,20,0.011647254575707155,0.007636502481863307,1.5252079798112534,0.422130780964541
410,7,5,0.0029118136439267887,0.0019091256204658267,1.5252079591784589,0.42213076743668443
97,85,61,0.035357737104825294,0.023291332569683087,1.5180641531451875,0.4174359397044116
1721,39,28,0.01622296173044925,0.010691103474608629,1.5174263084475945,0.41701568161758756
840,39,28,0.01622296173044925,0.010691103474608629,1.5174263084475945,0.41701568161758756
46,32,23,0.013311148086522463,0.008781977854142803,1.515734639283975,0.415900231848734
251,43,31,0.01788685524126456,0.011836578846888126,1.5111507659032741,0.41287145720334056
2041,83,60,0.034525790349417634,0.022909507445589918,1.5070507465388032,0.4101545929584964
585,29,21,0.012063227953410981,0.008018327605956471,1.5044568513269578,0.40843193693389146
1939,106,77,0.04409317803660566,0.02940053455517373,1.4997406902206252,0.4052922199776229
1135,11,8,0.004575707154742097,0.0030546009927453228,1.4979721134813317,0.40411226908819403
675,570,416,0.23710482529118138,0.15883925162275678,1.4927344646840308,0.4006096492121333
409,26,19,0.010815307820299502,0.007254677357770141,1.4908047922538221,0.39931610316959876
876,67,49,0.027870216306156406,0.018709431080565102,1.489634619950782,0.39853086837611484
504,71,52,0.029534109816971715,0.019854906452844597,1.4874967977494906,0.3970947056618789
1325,637,467,0.26497504159733776,0.1783123329515082,1.4860163465013703,0.39609894657246003
1819,60,44,0.024958402662229616,0.016800305460099276,1.4855921919364263,0.395813475210847
1441,30,22,0.012479201331114808,0.008400152730049638,1.4855921890460493,0.39581347326524097
1126,34,25,0.014143094841930116,0.009545628102329133,1.4816306105950368,0.39314324519516264
1459,144,106,0.059900166389351084,0.040473463153875525,1.4799861853585103,0.39203275351523686
385,76,56,0.03161397670549085,0.021382206949217258,1.4785179440420837,0.3910401968901678
1570,42,31,0.01747088186356073,0.011836578846888126,1.47600772503223,0.38934095992625817
1928,662,491,0.2753743760399334,0.1874761359297442,1.4688502866105777,0.3844799768248419
711,43,32,0.01788685524126456,0.012218403970981291,1.4639273048552914,0.38112275915277244
2004,514,385,0.21381031613976706,0.14700267277586865,1.4544655009117544,0.3746384798074392
1597,52,39,0.021630615640599003,0.014891179839633447,1.4525790319025218,0.37334061921208717
1727,32,24,0.013311148086522463,0.009163802978235968,1.452579030002995,0.37334061790439466
786,24,18,0.009983361064891847,0.006872852233676976,1.4525790283567388,0.3733406167710613
804,20,15,0.008319467554076539,0.0057273768613974796,1.452579027039734,0.3733406158643948
1253,16,12,0.0066555740432612314,0.004581901489117984,1.4525790250642265,0.37334061450439476
590,16,12,0.0066555740432612314,0.004581901489117984,1.4525790250642265,0.37334061450439476
1090,12,9,0.004991680532445923,0.003436426116838488,1.452579021771714,0.3733406122377281
1863,12,9,0.004991680532445923,0.003436426116838488,1.452579021771714,0.3733406122377281
1418,8,6,0.0033277870216306157,0.002290950744558992,1.4525790151866897,0.37334060770439514
126,8,6,0.0033277870216306157,0.002290950744558992,1.4525790151866897,0.37334060770439514
1076,8,6,0.0033277870216306157,0.002290950744558992,1.4525790151866897,0.37334060770439514
267,8,6,0.0033277870216306157,0.002290950744558992,1.4525790151866897,0.37334060770439514
968,8,6,0.0033277870216306157,0.002290950744558992,1.4525790151866897,0.37334060770439514
481,8,6,0.0033277870216306157,0.002290950744558992,1.4525790151866897,0.37334060770439514
213,4,3,0.0016638935108153079,0.001145475372279496,1.4525789954316173,0.3733405941043965
466,4,3,0.0016638935108153079,0.001145475372279496,1.4525789954316173,0.3733405941043965
1018,4,3,0.0016638935108153079,0.001145475372279496,1.4525789954316173,0.3733405941043965
359,4,3,0.0016638935108153079,0.001145475372279496,1.4525789954316173,0.3733405941043965
1643,4,3,0.0016638935108153079,0.001145475372279496,1.4525789954316173,0.3733405941043965
116,94,71,0.039101497504159734,0.027109583810614738,1.4423496034865209,0.36627345295001656
461,37,28,0.015391014975041598,0.010691103474608629,1.4396095751607214,0.3643719484653602
1416,107,81,0.044509151414309486,0.030927835051546393,1.4391292276428223,0.36403822765547683
1456,70,53,0.029118136439267885,0.020236731576937762,1.438875456971719,0.3638618758426271
749,29,22,0.012063227953410981,0.008400152730049638,1.4360724498079993,0.36191192186588156
68,29,22,0.012063227953410981,0.008400152730049638,1.4360724498079993,0.36191192186588156
392,179,136,0.07445923460898503,0.051928216876670485,1.4338877597595336,0.3603894683745981
1,1017,774,0.423044925124792,0.29553264604810997,1.4314659674274282,0.358699071209456
1097,256,195,0.1064891846921797,0.07445589919816724,1.4302316645955948,0.35783643436441503
1480,203,157,0.08444259567387687,0.05994654448262696,1.4086315793812922,0.3426187220621764
614,31,24,0.012895174708818636,0.009163802978235968,1.4071859356564171,0.3415919198321531
29,89,69,0.0370216306156406,0.026345933562428408,1.4052123257425742,0.34018841289296553
420,9,7,0.0037437603993344427,0.002672775868652157,1.4007011972733232,0.3369729664303456
1761,9,7,0.0037437603993344427,0.002672775868652157,1.4007011972733232,0.3369729664303456
220,9,7,0.0037437603993344427,0.002672775868652157,1.4007011972733232,0.3369729664303456
424,9,7,0.0037437603993344427,0.002672775868652157,1.4007011972733232,0.3369729664303456
105,9,7,0.0037437603993344427,0.002672775868652157,1.4007011972733232,0.3369729664303456
571,9,7,0.0037437603993344427,0.002672775868652157,1.4007011972733232,0.3369729664303456
91,50,39,0.020798668885191347,0.014891179839633447,1.3967106078568625,0.33411990624372884
935,1026,801,0.42678868552412647,0.30584192439862545,1.3954551401799218,0.3332206274223109
690,215,169,0.0894342762063228,0.06452844597174494,1.3859666821495547,0.32639786162563844
1369,75,59,0.03119800332778702,0.022527682321496753,1.3848740782148423,0.32560921724955505
241,47,37,0.019550748752079867,0.014127529591447117,1.3838759697610827,0.3248882359549632
620,19,15,0.007903494176372712,0.0057273768613974796,1.3799500765607473,0.32204732210947584
1828,19,15,0.007903494176372712,0.0057273768613974796,1.3799500765607473,0.32204732210947584
783,62,49,0.025790349417637273,0.018709431080565102,1.3784678576667608,0.32097263431960005
117,559,442,0.23252911813643926,0.16876670484917908,1.3778139373311875,0.32049813976753433
1962,24,19,0.009983361064891847,0.007254677357770141,1.3761275016023133,0.319273396266575
800,59,47,0.02454242928452579,0.01794578083237877,1.3675877063808897,0.31304838955051023
1696,173,138,0.07196339434276207,0.052691867124856816,1.365740070202221,0.3116964576849572
1274,214,171,0.08901830282861897,0.06529209621993128,1.3633855848712422,0.309971006963591
32,15,12,0.006239600665557404,0.004581901489117984,1.3617928373617747,0.30880209436849015
1336,10,8,0.004159733777038269,0.0030546009927453228,1.3617928334137104,0.3088020914693235
1942,5,4,0.0020798668885191347,0.0015273004963726614,1.3617928215695183,0.3088020827718243
1352,5,4,0.0020798668885191347,0.0015273004963726614,1.3617928215695183,0.3088020827718243
1833,5,4,0.0020798668885191347,0.0015273004963726614,1.3617928215695183,0.3088020827718243
971,5,4,0.0020798668885191347,0.0015273004963726614,1.3617928215695183,0.3088020827718243
1421,5,4,0.0020798668885191347,0.0015273004963726614,1.3617928215695183,0.3088020827718243
635,5,4,0.0020798668885191347,0.0015273004963726614,1.3617928215695183,0.3088020827718243
247,5,4,0.0020798668885191347,0.0015273004963726614,1.3617928215695183,0.3088020827718243
1258,5,4,0.0020798668885191347,0.0015273004963726614,1.3617928215695183,0.3088020827718243
1753,5,4,0.0020798668885191347,0.0015273004963726614,1.3617928215695183,0.3088020827718243
1245,187,150,0.07778702163061564,0.0572737686139748,1.3581613970451991,0.30613187115050594
679,61,49,0.025374376039933443,0.018709431080565102,1.3562345052099565,0.3047121135113839
503,41,33,0.017054908485856904,0.012600229095074456,1.3535395524808251,0.3027230520174924
441,47,38,0.019550748752079867,0.014509354715540282,1.3474581813341548,0.2982199890590751
606,84,68,0.03494176372712146,0.025964108438335243,1.3457717516290217,0.2969676415302546
1954,21,17,0.008735440931780365,0.006491027109583811,1.3457717476338327,0.2969676385615572
762,16,13,0.0066555740432612314,0.004963726613211149,1.3408421792334306,0.29329790850970444
878,49,40,0.02038269550748752,0.015273004963726614,1.3345569861622335,0.28859939120792644
430,44,36,0.018302828618968387,0.013745704467353952,1.331530779618064,0.28632924250340147
1651,22,18,0.009151414309484194,0.006872852233676976,1.3315307772061773,0.28632924069203763
1332,22,18,0.009151414309484194,0.006872852233676976,1.3315307772061773,0.28632924069203763
995,11,9,0.004575707154742097,0.003436426116838488,1.3315307723824046,0.28632923706931046
1056,17,14,0.007071547420965058,0.005345551737304314,1.3228844722102888,0.2798145587276048
885,154,127,0.06405990016638935,0.048491790759831996,1.3210462870211943,0.27842406430648575
975,23,19,0.00956738768718802,0.007254677357770141,1.3187888562765593,0.2767137822832865
573,556,460,0.23128119800332778,0.17563955708285606,1.3167944727994498,0.27520035348308153
1356,35,29,0.014559068219633943,0.011072928598701794,1.314834468440212,0.27371077819309025
283,225,187,0.09359400998336107,0.07140129820542192,1.3108166420589291,0.27065033387035686
1573,267,222,0.1110648918469218,0.08476517754868271,1.3102655480442775,0.2702298251012285
314,624,520,0.259567387687188,0.19854906452844598,1.3073211312928037,0.26798010552817075
170,18,15,0.0074875207986688855,0.0057273768613974796,1.3073211260817608,0.26798010154212415
1173,18,15,0.0074875207986688855,0.0057273768613974796,1.3073211260817608,0.26798010154212415
1988,12,10,0.004991680532445923,0.0038182512409316535,1.3073211233988469,0.2679800994899016
1557,6,5,0.0024958402662229617,0.0019091256204658267,1.3073211153501072,0.26798009333323547
799,6,5,0.0024958402662229617,0.0019091256204658267,1.3073211153501072,0.26798009333323547
1289,6,5,0.0024958402662229617,0.0019091256204658267,1.3073211153501072,0.26798009333323547
1947,6,5,0.0024958402662229617,0.0019091256204658267,1.3073211153501072,0.26798009333323547
1829,6,5,0.0024958402662229617,0.0019091256204658267,1.3073211153501072,0.26798009333323547
902,6,5,0.0024958402662229617,0.0019091256204658267,1.3073211153501072,0.26798009333323547
233,121,101,0.05033277870216306,0.038564337533409696,1.3051638350598282,0.2663285770018029
489,140,117,0.05823627287853577,0.044673539518900345,1.3035965691399423,0.26512703614284316
1285,49,41,0.02038269550748752,0.015654830087819777,1.3020068159759568,0.26390677877725005
1681,50,42,0.020798668885191347,0.016036655211912942,1.2969455650606214,0.26001193456967725
1586,69,58,0.02870216306156406,0.022145857197403588,1.296051120356905,0.25932204187199454
1984,120,101,0.04991680532445923,0.038564337533409696,1.2943773571055575,0.25802977420366424
640,19,16,0.007903494176372712,0.0061092019854906456,1.293703198187454,0.2575088020631545
589,64,54,0.026622296173044926,0.020618556701030927,1.2911813629804494,0.25555758455426125
562,180,152,0.07487520798668885,0.05803741886216113,1.290119537112867,0.25473487850907695
577,161,136,0.06697171381031614,0.051928216876670485,1.2896979293628386,0.2544080276684569
1401,58,49,0.024126455906821963,0.018709431080565102,1.2895344478395439,0.254281260088336
1147,52,44,0.021630615640599003,0.016800305460099276,1.287513233805206,0.252712632186584
1221,39,33,0.01622296173044925,0.012600229095074456,1.2875132332347539,0.25271263174351893
1792,13,11,0.005407653910149751,0.004200076365024819,1.2875132286711346,0.2527126281989967
1400,13,11,0.005407653910149751,0.004200076365024819,1.2875132286711346,0.2527126281989967
354,59,50,0.02454242928452579,0.019091256204658267,1.2855324444278418,0.2511729861667632
626,53,45,0.02204658901830283,0.01718213058419244,1.2831114792175158,0.24928797135026481
448,40,34,0.016638935108153077,0.012982054219167621,1.281687381602323,0.2481774766574474
1787,20,17,0.008319467554076539,0.006491027109583811,1.2816873794325017,0.24817747496450618
1637,41,35,0.017054908485856904,0.013363879343260786,1.276194435774969,0.24388255244806542
194,35,30,0.014559068219633943,0.011454753722794959,1.2710066532081552,0.23980922681844347
1107,7,6,0.0029118136439267887,0.002290950744558992,1.2710066437446033,0.2398092193727295
1448,7,6,0.0029118136439267887,0.002290950744558992,1.2710066437446033,0.2398092193727295
208,7,6,0.0029118136439267887,0.002290950744558992,1.2710066437446033,0.2398092193727295
43,57,49,0.023710482529118136,0.018709431080565102,1.2673010953827395,0.23688951744918302
718,561,486,0.2333610648918469,0.18556701030927836,1.2575568495561582,0.22917083036444777
60,15,13,0.006239600665557404,0.004963726613211149,1.2570395442904758,0.22875938837379994
36,15,13,0.006239600665557404,0.004963726613211149,1.2570395442904758,0.22875938837379994
1729,31,27,0.012895174708818636,0.010309278350515464,1.250831944322338,0.22380888538826968
1057,1356,1183,0.5640599001663894,0.4516991218022146,1.2487513765601232,0.2221441533304677
1398,8,7,0.0033277870216306157,0.002672775868652157,1.2450677350667634,0.21918993411285098
1429,8,7,0.0033277870216306157,0.002672775868652157,1.2450677350667634,0.21918993411285098
1735,8,7,0.0033277870216306157,0.002672775868652157,1.2450677350667634,0.21918993411285098
1525,8,7,0.0033277870216306157,0.002672775868652157,1.2450677350667634,0.21918993411285098
1633,8,7,0.0033277870216306157,0.002672775868652157,1.2450677350667634,0.21918993411285098
548,89,78,0.0370216306156406,0.029782359679266894,1.2430724425474624,0.2175860912385932
819,41,36,0.017054908485856904,0.013745704467353952,1.240744590594673,0.2157116756892262
1764,107,94,0.044509151414309486,0.03589156166475754,1.2401007179914272,0.2151926005050747
1810,136,120,0.056572379367720464,0.045819014891179836,1.2346921791882834,0.21082169139176674
1041,17,15,0.007071547420965058,0.0057273768613974796,1.2346921756027738,0.21082168848779623
894,112,99,0.04658901830282862,0.037800687285223365,1.2324913017597847,0.2090375695140924
744,44,39,0.018302828618968387,0.014891179839633447,1.2291053357198853,0.20628653538948044
1264,44,39,0.018302828618968387,0.014891179839633447,1.2291053357198853,0.20628653538948044
475,44,39,0.018302828618968387,0.014891179839633447,1.2291053357198853,0.20628653538948044
1206,18,16,0.0074875207986688855,0.0061092019854906456,1.2256135570391011,0.20344158149580266
1537,9,8,0.0037437603993344427,0.0030546009927453228,1.2256135533460895,0.20344157848260846
1074,9,8,0.0037437603993344427,0.0030546009927453228,1.2256135533460895,0.20344157848260846
528,9,8,0.0037437603993344427,0.0030546009927453228,1.2256135533460895,0.20344157848260846
1722,336,299,0.13976705490848584,0.11416571210385644,1.2242472131993114,0.20232613526468796
464,109,97,0.04534109816971714,0.037037037037037035,1.2242096499769968,0.20229545208387925
736,649,578,0.2699667221297837,0.22069492172584956,1.2232575176460767,0.20151739680162803
1724,203,181,0.08444259567387687,0.06911034746086292,1.2218517017225445,0.20036749636585038
1862,28,25,0.011647254575707155,0.009545628102329133,1.2201663870446184,0.19898723226933115
1157,67,60,0.027870216306156406,0.022909507445589918,1.2165349408185522,0.19600660524453883
305,135,121,0.05615640599001664,0.046200840015273005,1.2154845225737039,0.1951427813105799
961,97,87,0.040349417637271213,0.033218785796105384,1.2146566061585602,0.1944614081694184
1204,39,35,0.01622296173044925,0.013363879343260786,1.2139410490290123,0.19387213217409197
1781,39,35,0.01622296173044925,0.013363879343260786,1.2139410490290123,0.19387213217409197
1405,69,62,0.02870216306156406,0.023673157693776252,1.2124349193967672,0.19263066766464593
1180,51,46,0.021214642262895173,0.017563955708285606,1.2078510441757884,0.18884278410809155
1469,41,37,0.017054908485856904,0.014127529591447117,1.207210953248397,0.1883127016977334
1697,261,236,0.10856905158069884,0.09011072928598701,1.204840449305943,0.18634715096102414
855,22,20,0.009151414309484194,0.007636502481863307,1.1983777012291992,0.1809687264892114
844,22,20,0.009151414309484194,0.007636502481863307,1.1983777012291992,0.1809687264892114
1825,168,153,0.06988352745424292,0.058419243986254296,1.1962415578514152,0.17918460658262458
1613,58,53,0.024126455906821963,0.020236731576937762,1.1922110937665402,0.17580964505022928
674,180,165,0.07487520798668885,0.06300114547537228,1.188473755562284,0.17266992559052644
1674,12,11,0.004991680532445923,0.004200076365024819,1.1884737513740542,0.17266992206648582
1050,12,11,0.004991680532445923,0.004200076365024819,1.1884737513740542,0.17266992206648582
162,219,201,0.0910981697171381,0.07674684994272624,1.1869955544289081,0.17142537040477052
753,62,57,0.025790349417637273,0.021764032073310423,1.1849986855498398,0.16974166534583776
1998,51,47,0.021214642262895173,0.01794578083237877,1.182152085932273,0.1673365790082659
587,27,25,0.011231281198003328,0.009545628102329133,1.176589016452882,0.16261958841644572
1516,219,203,0.0910981697171381,0.07751050019091256,1.1753010169619378,0.16152429943489635
592,56,52,0.02329450915141431,0.019854906452844597,1.173236911965064,0.1597665202626543
1287,42,39,0.01747088186356073,0.014891179839633447,1.173236911674226,0.15976652001476063
501,29,27,0.012063227953410981,0.010309278350515464,1.170133109830574,0.15711751142441382
925,29,27,0.012063227953410981,0.010309278350515464,1.170133109830574,0.15711751142441382
974,199,186,0.08277870216306156,0.07101947308132875,1.1655775318370618,0.1532166996638806
159,16,15,0.0066555740432612314,0.0057273768613974796,1.1620632251237872,0.15019706755518505
1167,16,15,0.0066555740432612314,0.0057273768613974796,1.1620632251237872,0.15019706755518505
1540,16,15,0.0066555740432612314,0.0057273768613974796,1.1620632251237872,0.15019706755518505
1731,16,15,0.0066555740432612314,0.0057273768613974796,1.1620632251237872,0.15019706755518505
1963,66,62,0.02745424292845258,0.023673157693776252,1.1597203578675248,0.14817890525217833
989,33,31,0.01372712146422629,0.011836578846888126,1.1597203571928352,0.14817890467040906
687,33,31,0.01372712146422629,0.011836578846888126,1.1597203571928352,0.14817890467040906
1195,70,66,0.029118136439267885,0.025200458190148912,1.155460595359507,0.14449904834165095
766,35,33,0.014559068219633943,0.012600229095074456,1.155460594742611,0.14449904780775488
546,19,18,0.007903494176372712,0.006872852233676976,1.149958400480335,0.1397257682255211
426,19,18,0.007903494176372712,0.006872852233676976,1.149958400480335,0.1397257682255211
1560,19,18,0.007903494176372712,0.006872852233676976,1.149958400480335,0.1397257682255211
1257,286,271,0.11896838602329451,0.1034746086292478,1.1497350662575379,0.13953153866690432
1171,844,800,0.35108153078202997,0.30546009927453227,1.1493531613487762,0.13919931573810276
1738,99,94,0.04118136439267887,0.03589156166475754,1.1473829075087911,0.13748361635931228
57,20,19,0.008319467554076539,0.007254677357770141,1.1467729202992962,0.13695184147595374
142,20,19,0.008319467554076539,0.007254677357770141,1.1467729202992962,0.13695184147595374
802,61,58,0.025374376039933443,0.022145857197403588,1.1457843243173238,0.13608940190497204
1746,21,20,0.008735440931780365,0.007636502481863307,1.1439059881321898,0.13444871137466458
704,43,41,0.01788685524126456,0.015654830087819777,1.1425774107202649,0.13328659704476117
981,475,453,0.1975873544093178,0.1729667812142039,1.1423427840192577,0.13308122733218045
1162,66,63,0.02745424292845258,0.024054982817869417,1.1413120982953597,0.1321785639727879
1017,68,65,0.028286189683860232,0.024818633066055747,1.1397158576221287,0.1307789836391466
1943,27,26,0.011231281198003328,0.009927453226422299,1.131335593198997,0.12339887566608748
714,82,79,0.03410981697171381,0.030164184803360063,1.1308051976539313,0.12292994326636257
2008,58,56,0.024126455906821963,0.021382206949217258,1.1283426426134604,0.12074986813192565
1370,31,30,0.012895174708818636,0.011454753722794959,1.1257487509820805,0.11844837070044346
309,64,62,0.026622296173044926,0.023673157693776252,1.12457731684803,0.11740724669925043
556,36,35,0.014975041597337771,0.013363879343260786,1.1205609689100773,0.11382942501423071
1243,111,108,0.04617304492512479,0.041237113402061855,1.1196963391440127,0.11305752278149399
62,76,74,0.03161397670549085,0.028255059182894234,1.1188784454127874,0.1123267955587437
1357,496,483,0.20632279534109818,0.18442153493699887,1.1187565237416848,0.11221782186740983
1136,115,112,0.0478369384359401,0.042764413898434515,1.1186155511844795,0.11209180567281113
890,154,150,0.06405990016638935,0.0572737686139748,1.1184858566982816,0.11197585698502592
1391,116,113,0.048252911813643926,0.043146239022527684,1.11835730981359,0.11186092100135243
610,155,152,0.06447587354409318,0.05803741886216113,1.1109362683087225,0.10520314475352532
695,1290,1266,0.5366056572379367,0.4833906071019473,1.1100870586708724,0.10443844348369448
1956,57,56,0.023710482529118136,0.021382206949217258,1.108888459200759,0.10335812549277269
1309,68,67,0.028286189683860232,0.025582283314242078,1.105694488870874,0.10047363426409313
1099,90,89,0.03743760399334443,0.033982436044291714,1.10167511047124,0.09683184917915351
879,91,90,0.037853577371048254,0.03436426116838488,1.1015391012020253,0.0967083847709568
2044,100,99,0.04159733777038269,0.037800687285223365,1.1004386625689635,0.09570888446466053
699,340,339,0.14143094841930118,0.12943871706758306,1.0926479465660333,0.08860405901686302
838,63,63,0.0262063227953411,0.024054982817869417,1.0894342758345317,0.0856585485113438
564,58,58,0.024126455906821963,0.022145857197403588,1.0894342758024809,0.08565854848192413
982,46,46,0.01913477537437604,0.017563955708285606,1.0894342756971307,0.0856585483852224
295,39,39,0.01622296173044925,0.014891179839633447,1.0894342756057374,0.08565854830133177
1219,30,30,0.012479201331114808,0.011454753722794959,1.0894342754255615,0.08565854813594696
1252,30,30,0.012479201331114808,0.011454753722794959,1.0894342754255615,0.08565854813594696
1730,29,29,0.012063227953410981,0.011072928598701794,1.0894342753986388,0.08565854811123441
510,28,28,0.011647254575707155,0.010691103474608629,1.089434275369793,0.08565854808475662
1323,27,27,0.011231281198003328,0.010309278350515464,1.0894342753388104,0.08565854805631751
471,24,24,0.009983361064891847,0.009163802978235968,1.0894342752303712,0.0856585479567803
1011,24,24,0.009983361064891847,0.009163802978235968,1.0894342752303712,0.0856585479567803
818,22,22,0.009151414309484194,0.008400152730049638,1.0894342751416484,0.08565854787534095
1648,17,17,0.007071547420965058,0.006491027109583811,1.0894342748285089,0.08565854758790781
1299,16,16,0.0066555740432612314,0.0061092019854906456,1.0894342747423955,0.08565854750886372
521,16,16,0.0066555740432612314,0.0061092019854906456,1.0894342747423955,0.08565854750886372
1668,14,14,0.005823627287853577,0.005345551737304314,1.089434274533263,0.08565854731689942
275,13,13,0.005407653910149751,0.004963726613211149,1.0894342744045662,0.08565854719876763
1647,13,13,0.005407653910149751,0.004963726613211149,1.0894342744045662,0.08565854719876763
681,13,13,0.005407653910149751,0.004963726613211149,1.0894342744045662,0.08565854719876763
1531,13,13,0.005407653910149751,0.004963726613211149,1.0894342744045662,0.08565854719876763
37,13,13,0.005407653910149751,0.004963726613211149,1.0894342744045662,0.08565854719876763
579,13,13,0.005407653910149751,0.004963726613211149,1.0894342744045662,0.08565854719876763
584,12,12,0.004991680532445923,0.004581901489117984,1.0894342742544196,0.08565854706094696
1497,12,12,0.004991680532445923,0.004581901489117984,1.0894342742544196,0.08565854706094696
499,12,12,0.004991680532445923,0.004581901489117984,1.0894342742544196,0.08565854706094696
664,10,10,0.004159733777038269,0.0038182512409316535,1.089434273864039,0.08565854670261362
1213,10,10,0.004159733777038269,0.0038182512409316535,1.089434273864039,0.08565854670261362
292,10,10,0.004159733777038269,0.0038182512409316535,1.089434273864039,0.08565854670261362
1297,9,9,0.0037437603993344427,0.003436426116838488,1.0894342736037854,0.08565854646372487
1827,8,8,0.0033277870216306157,0.0030546009927453228,1.0894342732784683,0.08565854616511381
495,8,8,0.0033277870216306157,0.0030546009927453228,1.0894342732784683,0.08565854616511381
859,8,8,0.0033277870216306157,0.0030546009927453228,1.0894342732784683,0.08565854616511381
637,8,8,0.0033277870216306157,0.0030546009927453228,1.0894342732784683,0.08565854616511381
1592,7,7,0.0029118136439267887,0.002672775868652157,1.0894342728602033,0.08565854578118522
20,7,7,0.0029118136439267887,0.002672775868652157,1.0894342728602033,0.08565854578118522
1201,7,7,0.0029118136439267887,0.002672775868652157,1.0894342728602033,0.08565854578118522
599,7,7,0.0029118136439267887,0.002672775868652157,1.0894342728602033,0.08565854578118522
1175,6,6,0.0024958402662229617,0.002290950744558992,1.0894342723025168,0.08565854526928048
459,6,6,0.0024958402662229617,0.002290950744558992,1.0894342723025168,0.08565854526928048
996,6,6,0.0024958402662229617,0.002290950744558992,1.0894342723025168,0.08565854526928048
1010,5,5,0.0020798668885191347,0.0019091256204658267,1.0894342715217555,0.0856585445526138
349,5,5,0.0020798668885191347,0.0019091256204658267,1.0894342715217555,0.0856585445526138
494,5,5,0.0020798668885191347,0.0019091256204658267,1.0894342715217555,0.0856585445526138
1711,5,5,0.0020798668885191347,0.0019091256204658267,1.0894342715217555,0.0856585445526138
710,5,5,0.0020798668885191347,0.0019091256204658267,1.0894342715217555,0.0856585445526138
1269,5,5,0.0020798668885191347,0.0019091256204658267,1.0894342715217555,0.0856585445526138
1284,5,5,0.0020798668885191347,0.0019091256204658267,1.0894342715217555,0.0856585445526138
1061,5,5,0.0020798668885191347,0.0019091256204658267,1.0894342715217555,0.0856585445526138
1132,4,4,0.0016638935108153079,0.0015273004963726614,1.089434270350614,0.08565854347761401
187,4,4,0.0016638935108153079,0.0015273004963726614,1.089434270350614,0.08565854347761401
1165,4,4,0.0016638935108153079,0.0015273004963726614,1.089434270350614,0.08565854347761401
178,4,4,0.0016638935108153079,0.0015273004963726614,1.089434270350614,0.08565854347761401
64,3,3,0.0012479201331114808,0.001145475372279496,1.089434268398711,0.08565854168594753
1997,3,3,0.0012479201331114808,0.001145475372279496,1.089434268398711,0.08565854168594753
2011,3,3,0.0012479201331114808,0.001145475372279496,1.089434268398711,0.08565854168594753
1874,3,3,0.0012479201331114808,0.001145475372279496,1.089434268398711,0.08565854168594753
382,3,3,0.0012479201331114808,0.001145475372279496,1.089434268398711,0.08565854168594753
1584,3,3,0.0012479201331114808,0.001145475372279496,1.089434268398711,0.08565854168594753
417,3,3,0.0012479201331114808,0.001145475372279496,1.089434268398711,0.08565854168594753
643,3,3,0.0012479201331114808,0.001145475372279496,1.089434268398711,0.08565854168594753
153,3,3,0.0012479201331114808,0.001145475372279496,1.089434268398711,0.08565854168594753
538,3,3,0.0012479201331114808,0.001145475372279496,1.089434268398711,0.08565854168594753
1192,3,3,0.0012479201331114808,0.001145475372279496,1.089434268398711,0.08565854168594753
195,3,3,0.0012479201331114808,0.001145475372279496,1.089434268398711,0.08565854168594753
136,3,3,0.0012479201331114808,0.001145475372279496,1.089434268398711,0.08565854168594753
399,2,2,0.0008319467554076539,0.0007636502481863307,1.0894342644949058,0.08565853810261496
1237,2,2,0.0008319467554076539,0.0007636502481863307,1.0894342644949058,0.08565853810261496
342,2,2,0.0008319467554076539,0.0007636502481863307,1.0894342644949058,0.08565853810261496
1688,2,2,0.0008319467554076539,0.0007636502481863307,1.0894342644949058,0.08565853810261496
266,2,2,0.0008319467554076539,0.0007636502481863307,1.0894342644949058,0.08565853810261496
1106,2,2,0.0008319467554076539,0.0007636502481863307,1.0894342644949058,0.08565853810261496
1229,2,2,0.0008319467554076539,0.0007636502481863307,1.0894342644949058,0.08565853810261496
887,2,2,0.0008319467554076539,0.0007636502481863307,1.0894342644949058,0.08565853810261496
200,2,2,0.0008319467554076539,0.0007636502481863307,1.0894342644949058,0.08565853810261496
933,2,2,0.0008319467554076539,0.0007636502481863307,1.0894342644949058,0.08565853810261496
922,2,2,0.0008319467554076539,0.0007636502481863307,1.0894342644949058,0.08565853810261496
1933,2,2,0.0008319467554076539,0.0007636502481863307,1.0894342644949058,0.08565853810261496
30,2,2,0.0008319467554076539,0.0007636502481863307,1.0894342644949058,0.08565853810261496
0,2,2,0.0008319467554076539,0.0007636502481863307,1.0894342644949058,0.08565853810261496
1881,1,1,0.00041597337770382697,0.00038182512409316535,1.089434252783492,0.08565852735261904
148,1,1,0.00041597337770382697,0.00038182512409316535,1.089434252783492,0.08565852735261904
735,1,1,0.00041597337770382697,0.00038182512409316535,1.089434252783492,0.08565852735261904
544,1,1,0.00041597337770382697,0.00038182512409316535,1.089434252783492,0.08565852735261904
1334,1,1,0.00041597337770382697,0.00038182512409316535,1.089434252783492,0.08565852735261904
748,1,1,0.00041597337770382697,0.00038182512409316535,1.089434252783492,0.08565852735261904
483,1,1,0.00041597337770382697,0.00038182512409316535,1.089434252783492,0.08565852735261904
1491,1,1,0.00041597337770382697,0.00038182512409316535,1.089434252783492,0.08565852735261904
1094,1,1,0.00041597337770382697,0.00038182512409316535,1.089434252783492,0.08565852735261904
1606,1,1,0.00041597337770382697,0.00038182512409316535,1.089434252783492,0.08565852735261904
1518,93,94,0.03868552412645591,0.03589156166475754,1.077844549646814,0.07496325953464168
785,151,153,0.06281198003327787,0.058419243986254296,1.0751933051468079,0.07250046415539078
1455,74,75,0.030782029950083195,0.0286368843069874,1.0749084855953248,0.07223552827712175
307,48,49,0.019966722129783693,0.018709431080565102,1.0672009232715014,0.06503926131331332
1539,38,39,0.015806988352745424,0.014891179839633447,1.061500063582908,0.05968306206028446
1892,75,77,0.03119800332778702,0.02940053455517373,1.0611372818111995,0.05934124033927498
1999,34,35,0.014143094841930116,0.013363879343260786,1.0583075821641206,0.056671011567092526
888,85,88,0.035357737104825294,0.03360061092019855,1.0522944711800173,0.05097299071682267
2015,52,54,0.021630615640599003,0.020618556701030927,1.0490848583309902,0.047918220642843755
69,26,27,0.010815307820299502,0.010309278350515464,1.0490848580929286,0.04791822041592067
1854,77,80,0.032029950083194675,0.030546009927453228,1.0485804906895453,0.047437335880743836
1814,25,26,0.010399334442595673,0.009927453226422299,1.047532957411892,0.04643783524225552
1043,66,69,0.02745424292845258,0.026345933562428408,1.0420675683855045,0.04120678612855198
1990,43,45,0.01788685524126456,0.01718213058419244,1.0410149748028903,0.04019617454655414
22,20,21,0.008319467554076539,0.008018327605956471,1.0375564530614487,0.03686838423175324
1226,39,41,0.01622296173044925,0.015654830087819777,1.0362911405498034,0.035648128054250036
591,147,155,0.061148086522462564,0.059182894234440626,1.033205410281503,0.032666018657800104
449,18,19,0.0074875207986688855,0.007254677357770141,1.0320956296477877,0.031591327153683006
5,34,36,0.014143094841930116,0.013745704467353952,1.0289101495400945,0.02850013480825321
1203,17,18,0.007071547420965058,0.006872852233676976,1.0289101493297732,0.02850013460384147
1021,17,18,0.007071547420965058,0.006872852233676976,1.0289101493297732,0.02850013460384147
235,82,87,0.03410981697171381,0.033218785796105384,1.026823110826362,0.026469677383645463
1582,80,85,0.033277870216306155,0.03245513554791905,1.025349906939608,0.025033926960002277
913,16,17,0.0066555740432612314,0.006491027109583811,1.0253499066271778,0.02503392665529646
831,45,48,0.018718801996672214,0.018327605956471937,1.021344633826966,0.021120027601014838
1993,43,46,0.01788685524126456,0.017563955708285606,1.018384214609936,0.01821726795430057
437,57,61,0.023710482529118136,0.023291332569683087,1.017995962935201,0.017835952437953804
1750,2250,2408,0.9359400998336106,0.9194348988163421,1.017951462400135,0.017792237620449857
80,1570,1681,0.6530782029950083,0.6418480336006109,1.0174966172750413,0.017345313783672694
1312,56,60,0.02329450915141431,0.022909507445589918,1.0168053243858794,0.01666567729351947
976,28,30,0.011647254575707155,0.011454753722794959,1.0168053243125241,0.016665677221376535
18,14,15,0.005823627287853577,0.0057273768613974796,1.0168053241658137,0.01666567707709088
1940,14,15,0.005823627287853577,0.0057273768613974796,1.0168053241658137,0.01666567707709088
145,69,74,0.02870216306156406,0.028255059182894234,1.0158238520823244,0.0156999601905721
1025,41,44,0.017054908485856904,0.016800305460099276,1.0151546663747777,0.015040981549802044
1855,468,503,0.194675540765391,0.19205803741886215,1.013628710260417,0.013536674663520482
575,53,57,0.02204658901830283,0.021764032073310423,1.012982747991841,0.012899194511297738
689,117,126,0.04866888519134775,0.048109965635738834,1.0116175421674374,0.011550576675021065
485,26,28,0.010815307820299502,0.010691103474608629,1.01161754208292,0.01155057659147439
836,26,28,0.010815307820299502,0.010691103474608629,1.01161754208292,0.01155057659147439
618,12,13,0.004991680532445923,0.004963726613211149,1.0056316394616114,0.005615841066256823
547,12,13,0.004991680532445923,0.004963726613211149,1.0056316394616114,0.005615841066256823
11,58,63,0.024126455906821963,0.024054982817869417,1.0029712383998182,0.0029668329951849123
209,113,123,0.047004991680532446,0.046964490263459335,1.0008623838299888,0.0008620121907021686
1172,11,12,0.004575707154742097,0.004581901489117984,0.9986480865519681,-0.001352828107470559
730,11,12,0.004575707154742097,0.004581901489117984,0.9986480865519681,-0.001352828107470559
341,22,24,0.009151414309484194,0.009163802978235968,0.9986480865372154,-0.001352828122243285
31,21,23,0.008735440931780365,0.008781977854142803,0.9947008609443747,-0.005313229292450685
906,21,23,0.008735440931780365,0.008781977854142803,0.9947008609443747,-0.005313229292450685
1873,2339,2562,0.9729617304492513,0.9782359679266895,0.994608420003123,-0.005406167019332674
1380,2346,2577,0.9758735440931781,0.983963344788087,0.9917783515646824,-0.00825563258548808
26,10,11,0.004159733777038269,0.004200076365024819,0.9903947967798935,-0.009651630720802272
1423,10,11,0.004159733777038269,0.004200076365024819,0.9903947967798935,-0.009651630720802272
1081,10,11,0.004159733777038269,0.004200076365024819,0.9903947967798935,-0.009651630720802272
9,29,32,0.012063227953410981,0.012218403970981291,0.9872998129159231,-0.012781523855358719
205,19,21,0.007903494176372712,0.008018327605956471,0.9856786310319476,-0.014424909523165797
396,9,10,0.0037437603993344427,0.0038182512409316535,0.9804908490966352,-0.019701966284101487
1916,9,10,0.0037437603993344427,0.0038182512409316535,0.9804908490966352,-0.019701966284101487
958,9,10,0.0037437603993344427,0.0038182512409316535,0.9804908490966352,-0.019701966284101487
941,9,10,0.0037437603993344427,0.0038182512409316535,0.9804908490966352,-0.019701966284101487
1233,44,49,0.018302828618968387,0.018709431080565102,0.9782675134442845,-0.02197211522101333
1624,35,39,0.014559068219633943,0.014891179839633447,0.977697427514419,-0.022555035634432237
980,70,78,0.029118136439267885,0.029782359679266894,0.9776974274395338,-0.022555035711025677
623,131,146,0.05449251247920133,0.05574646811760214,0.9775060971843798,-0.02275074961329228
222,366,408,0.15224625623960067,0.15578465063001146,0.9772866301408402,-0.022975292135262886
1964,104,116,0.04326123128119801,0.044291714394807176,0.9767341787202665,-0.02354074305859826
1044,17,19,0.007071547420965058,0.007254677357770141,0.9747569843220334,-0.02556708590064468
750,74,83,0.030782029950083195,0.03169148529973272,0.9713028487564298,-0.029116965646587473
569,8,9,0.0033277870216306157,0.003436426116838488,0.9683860242144758,-0.03212448585376979
677,8,9,0.0033277870216306157,0.003436426116838488,0.9683860242144758,-0.03212448585376979
1611,40,45,0.016638935108153077,0.01718213058419244,0.9683860234785023,-0.032124486613769924
323,48,54,0.019966722129783693,0.020618556701030927,0.968386023447837,-0.032124486645436386
2032,31,35,0.012895174708818636,0.013363879343260786,0.9649275020451856,-0.03570230787967208
1080,23,26,0.00956738768718802,0.009927453226422299,0.9637303216247867,-0.03694377286062166
1001,23,26,0.00956738768718802,0.009927453226422299,0.9637303216247867,-0.03694377286062166
1851,15,17,0.006239600665557404,0.006491027109583811,0.9612655384258468,-0.03950459348060809
41,105,119,0.04367720465890183,0.045437189767086675,0.9612655379143568,-0.039504594012708796
1603,87,99,0.03618968386023295,0.037800687285223365,0.9573816367789075,-0.04355318250962853
1631,142,162,0.05906821963394343,0.061855670103092786,0.9549362174882718,-0.046110728702218585
1813,7,8,0.0029118136439267887,0.0030546009927453228,0.9532549932108471,-0.04787284216655189
613,7,8,0.0029118136439267887,0.0030546009927453228,0.9532549932108471,-0.04787284216655189
433,7,8,0.0029118136439267887,0.0030546009927453228,0.9532549932108471,-0.04787284216655189
1140,7,8,0.0029118136439267887,0.0030546009927453228,0.9532549932108471,-0.04787284216655189
1700,7,8,0.0029118136439267887,0.0030546009927453228,0.9532549932108471,-0.04787284216655189
911,14,16,0.005823627287853577,0.0061092019854906456,0.9532549924456898,-0.04787284296923037
964,21,24,0.008735440931780365,0.009163802978235968,0.9532549921906373,-0.04787284323678998
758,84,96,0.03494176372712146,0.03665521191294387,0.9532549918080585,-0.04787284363812934
202,103,118,0.04284525790349417,0.045055364642993506,0.9509468683228666,-0.05029708726892631
119,355,407,0.14767054908485858,0.1554028255059183,0.9502436561824957,-0.05103684708087138
61,34,39,0.014143094841930116,0.014891179839633447,0.9497632154915895,-0.051542572305667694
1982,54,62,0.022462562396006656,0.023673157693776252,0.9488621117505556,-0.05249178940054514
780,20,23,0.008319467554076539,0.008781977854142803,0.947334153822593,-0.05410339288950161
650,1960,2255,0.8153078202995009,0.8610156548300878,0.9469140493917055,-0.054546950853090914
1820,13,15,0.005407653910149751,0.0057273768613974796,0.944176373686827,-0.057442293755751835
1442,32,37,0.013311148086522463,0.014127529591447117,0.9422134284793685,-0.05952346055776252
1804,19,22,0.007903494176372712,0.008400152730049638,0.9408750574274979,-0.06094492459117568
98,19,22,0.007903494176372712,0.008400152730049638,0.9408750574274979,-0.06094492459117568
58,31,36,0.012895174708818636,0.013745704467353952,0.938123960516704,-0.06387318463851129
2,93,108,0.03868552412645591,0.041237113402061855,0.9381239602166052,-0.0638731849584038
1013,43,50,0.01788685524126456,0.019091256204658267,0.9369134778678848,-0.06516434052927225
1347,43,50,0.01788685524126456,0.019091256204658267,0.9369134778678848,-0.06516434052927225
387,92,107,0.03826955074875208,0.04085528827796869,0.9367098451173588,-0.06538170839487224
1670,213,248,0.08860232945091515,0.09469263077510501,0.9356834711644808,-0.06647803153035331
1069,6,7,0.0024958402662229617,0.002672775868652157,0.9338008106536435,-0.06849212832226374
846,12,14,0.004991680532445923,0.005345551737304314,0.9338008094152458,-0.06849212964845419
1235,12,14,0.004991680532445923,0.005345551737304314,0.9338008094152458,-0.06849212964845419
1949,18,21,0.0074875207986688855,0.008018327605956471,0.9338008090024467,-0.06849213009051756
1714,18,21,0.0074875207986688855,0.008018327605956471,0.9338008090024467,-0.06849213009051756
722,24,28,0.009983361064891847,0.010691103474608629,0.933800808796047,-0.06849213031154935
333,53,62,0.02204658901830283,0.023673157693776252,0.9312905912408082,-0.07118392232870047
1035,29,34,0.012063227953410981,0.012982054219167621,0.929223353779993,-0.07340614519035978
586,23,27,0.00956738768718802,0.010309278350515464,0.9280366063552828,-0.07468410047039178
248,17,20,0.007071547420965058,0.007636502481863307,0.9260191357441537,-0.07686037959898483
45,129,152,0.05366056572379368,0.05803741886216113,0.9245856687524122,-0.07840956749145098
702,22,26,0.009151414309484194,0.009927453226422299,0.9218290037312341,-0.08139553495635664
1961,33,39,0.01372712146422629,0.014891179839633447,0.92182900346876,-0.08139553524108857
713,76,90,0.03161397670549085,0.03436426116838488,0.9199667223626804,-0.08341778093816254
1037,16,19,0.0066555740432612314,0.007254677357770141,0.9174183389962791,-0.08619170683325598
1543,16,19,0.0066555740432612314,0.007254677357770141,0.9174183389962791,-0.08619170683325598
947,106,126,0.04409317803660566,0.048109965635738834,0.9165082007915613,-0.08718426379744405
458,21,25,0.008735440931780365,0.009545628102329133,0.9151247929024637,-0.0886948373205451
950,68,81,0.028286189683860232,0.030927835051546393,0.9145868000543168,-0.08928290034175766
484,26,31,0.010815307820299502,0.011836578846888126,0.913719071095528,-0.09023211681328379
378,1097,1308,0.45632279534109815,0.49942726231386025,0.9136922026153976,-0.09026152287038632
1882,5,6,0.0020798668885191347,0.002290950744558992,0.9078619008604303,-0.09666300351134122
1214,5,6,0.0020798668885191347,0.002290950744558992,0.9078619008604303,-0.09666300351134122
512,5,6,0.0020798668885191347,0.002290950744558992,0.9078619008604303,-0.09666300351134122
889,5,6,0.0020798668885191347,0.002290950744558992,0.9078619008604303,-0.09666300351134122
1133,5,6,0.0020798668885191347,0.002290950744558992,0.9078619008604303,-0.09666300351134122
1208,20,24,0.008319467554076539,0.009163802978235968,0.9078618978440592,-0.09666300683384109
1152,1619,1952,0.6734608985024958,0.7453226422298588,0.9035830395508647,-0.10138726442847248
366,150,181,0.06239600665557404,0.06911034746086292,0.9028460853944368,-0.10220318816125079
1168,24,29,0.009983361064891847,0.011072928598701794,0.9016007811973277,-0.10358344980028253
1335,14,17,0.005823627287853577,0.006491027109583811,0.8971811702245159,-0.10849746382279757
1019,738,899,0.3069883527454243,0.3432607865597556,0.8943298063047178,-0.11168066098411243
926,974,1188,0.4051580698835274,0.4536082474226804,0.8931893813576869,-0.11295664740107882
1088,1378,1681,0.5732113144758736,0.6418480336006109,0.8930639099585481,-0.11309713296374241
1224,241,294,0.10024958402662229,0.11225658648339061,0.8930396618834581,-0.11312428488871899
1300,9,11,0.0037437603993344427,0.004200076365024819,0.8913553194828134,-0.11501214370751725
656,349,427,0.14517470881863562,0.1630393279877816,0.8904275466620696,-0.11605354209810735
1504,22,27,0.009151414309484194,0.010309278350515464,0.887687189109401,-0.11913586256612677
440,13,16,0.005407653910149751,0.0061092019854906456,0.885165351297337,-0.1219808138020731
1512,13,16,0.005407653910149751,0.0061092019854906456,0.885165351297337,-0.1219808138020731
39,26,32,0.010815307820299502,0.012218403970981291,0.8851653503574871,-0.12198081486385196
335,69,85,0.02870216306156406,0.03245513554791905,0.8843642951590737,-0.1228862026375619
807,1885,2325,0.7841098169717138,0.8877434135166093,0.8832617680341902,-0.12413366927184384
460,17,21,0.007071547420965058,0.008018327605956471,0.8819229869729456,-0.12565054314484533
896,334,413,0.1389351081530782,0.15769377625047729,0.8810437004456815,-0.12664805104609864
834,38,47,0.015806988352745424,0.01794578083237877,0.8808192027032705,-0.12690289237708383
595,25,31,0.010399334442595673,0.011836578846888126,0.878576030224484,-0.12945282959671897
1535,269,334,0.11189683860232945,0.12752959144711723,0.8774186237473198,-0.1307710644126993
1977,41,51,0.017054908485856904,0.019473081328751432,0.875819712882001,-0.13259501643928379
951,4,5,0.0016638935108153079,0.0019091256204658267,0.871547427693404,-0.13748499474159648
17,4,5,0.0016638935108153079,0.0019091256204658267,0.871547427693404,-0.13748499474159648
1889,4,5,0.0016638935108153079,0.0019091256204658267,0.871547427693404,-0.13748499474159648
139,4,5,0.0016638935108153079,0.0019091256204658267,0.871547427693404,-0.13748499474159648
225,4,5,0.0016638935108153079,0.0019091256204658267,0.871547427693404,-0.13748499474159648
161,4,5,0.0016638935108153079,0.0019091256204658267,0.871547427693404,-0.13748499474159648
1891,4,5,0.0016638935108153079,0.0019091256204658267,0.871547427693404,-0.13748499474159648
77,4,5,0.0016638935108153079,0.0019091256204658267,0.871547427693404,-0.13748499474159648
42,4,5,0.0016638935108153079,0.0019091256204658267,0.871547427693404,-0.13748499474159648
1510,4,5,0.0016638935108153079,0.0019091256204658267,0.871547427693404,-0.13748499474159648
1935,8,10,0.0033277870216306157,0.0038182512409316535,0.8715474243292312,-0.13748499860159621
634,8,10,0.0033277870216306157,0.0038182512409316535,0.8715474243292312,-0.13748499860159621
1755,8,10,0.0033277870216306157,0.0038182512409316535,0.8715474243292312,-0.13748499860159621
1151,12,15,0.004991680532445923,0.0057273768613974796,0.8715474232078403,-0.1374849998882627
729,12,15,0.004991680532445923,0.0057273768613974796,0.8715474232078403,-0.1374849998882627
607,16,20,0.0066555740432612314,0.007636502481863307,0.8715474226471447,-0.13748500053159615
442,20,25,0.008319467554076539,0.009545628102329133,0.8715474223107273,-0.1374850009175962
1422,20,25,0.008319467554076539,0.009545628102329133,0.8715474223107273,-0.1374850009175962
1197,24,30,0.009983361064891847,0.011454753722794959,0.8715474220864493,-0.13748500117492932
317,68,85,0.028286189683860232,0.03245513554791905,0.8715474213608433,-0.13748500200747843
728,124,156,0.051580698835274545,0.05956471935853379,0.8659605787480062,-0.14391589253202278
273,81,102,0.03369384359400998,0.038946162657502864,0.8651389843924729,-0.14486510935896452
1917,1552,1962,0.6455906821963394,0.7491408934707904,0.8617747179961336,-0.14876139050812
1317,60,76,0.024958402662229616,0.029018709431080564,0.8600796922240065,-0.15073022865100272
1039,620,786,0.2579034941763727,0.30011454753722794,0.8593501924742447,-0.15157876548291974
1760,26,33,0.010815307820299502,0.012600229095074456,0.8583421581352904,-0.15275247328259428
486,838,1065,0.348585690515807,0.4066437571592211,0.8572262192472216,-0.15405342876787062
1118,11,14,0.004575707154742097,0.005345551737304314,0.8559840768562373,-0.1555035048168717
334,25,32,0.010399334442595673,0.012218403970981291,0.851120529504675,-0.16120152764728726
1602,195,250,0.08111480865224625,0.09545628102329133,0.8497587355983245,-0.16280281026066548
1577,7,9,0.0029118136439267887,0.003436426116838488,0.8473377748251663,-0.1656558741854354
1481,7,9,0.0029118136439267887,0.003436426116838488,0.8473377748251663,-0.1656558741854354
425,7,9,0.0029118136439267887,0.003436426116838488,0.8473377748251663,-0.1656558741854354
956,7,9,0.0029118136439267887,0.003436426116838488,0.8473377748251663,-0.1656558741854354
1595,7,9,0.0029118136439267887,0.003436426116838488,0.8473377748251663,-0.1656558741854354
899,14,18,0.005823627287853577,0.006872852233676976,0.847337772603931,-0.1656558768068638
1809,28,36,0.011647254575707155,0.013745704467353952,0.8473377714933132,-0.1656558781175781
1989,35,45,0.014559068219633943,0.01718213058419244,0.8473377712711895,-0.1656558783797212
1745,171,220,0.07113144758735442,0.08400152730049637,0.8467875512336707,-0.16630544078169454
1971,24,31,0.009983361064891847,0.011836578846888126,0.8434329893534401,-0.17027482371630748
1065,24,31,0.009983361064891847,0.011836578846888126,0.8434329893534401,-0.17027482371630748
769,17,22,0.007071547420965058,0.008400152730049638,0.8418355789513976,-0.1721705582128552
287,17,22,0.007071547420965058,0.008400152730049638,0.8418355789513976,-0.1721705582128552
1773,71,92,0.029534109816971715,0.03512791141657121,0.8407590614386318,-0.1734501506159348
445,23,30,0.00956738768718802,0.011454753722794959,0.8352329465299306,-0.18004461515821796
1114,735,959,0.3057404326123128,0.36617029400534556,0.8349678759696237,-0.18036202676401
327,13,17,0.005407653910149751,0.006491027109583811,0.8330968020231849,-0.18260543465564036
1322,13,17,0.005407653910149751,0.006491027109583811,0.8330968020231849,-0.18260543465564036
701,39,51,0.01622296173044925,0.019473081328751432,0.8330968003089909,-0.1826054367132572
1823,78,102,0.0324459234608985,0.038946162657502864,0.8330967998804424,-0.18260543722766145
1754,716,939,0.2978369384359401,0.35853379152348225,0.8307081382407505,-0.18547676333816304
1475,32,42,0.013311148086522463,0.016036655211912942,0.8300451638836548,-0.18627516535424235
1181,57,75,0.023710482529118136,0.0286368843069874,0.8279700505175339,-0.18877829612360272
1538,25,33,0.010399334442595673,0.012600229095074456,0.8253289985122546,-0.19197318606602956
270,34,45,0.014143094841930116,0.01718213058419244,0.823128120829727,-0.19464341505095661
1194,3,4,0.0012479201331114808,0.0015273004963726614,0.8170757191317093,-0.2020235089408351
1658,3,4,0.0012479201331114808,0.0015273004963726614,0.8170757191317093,-0.2020235089408351
1346,3,4,0.0012479201331114808,0.0015273004963726614,0.8170757191317093,-0.2020235089408351
1965,3,4,0.0012479201331114808,0.0015273004963726614,0.8170757191317093,-0.2020235089408351
1706,3,4,0.0012479201331114808,0.0015273004963726614,0.8170757191317093,-0.2020235089408351
568,3,4,0.0012479201331114808,0.0015273004963726614,0.8170757191317093,-0.2020235089408351
365,3,4,0.0012479201331114808,0.0015273004963726614,0.8170757191317093,-0.2020235089408351
1534,6,8,0.0024958402662229617,0.0030546009927453228,0.8170757131432259,-0.20202351627000087
316,6,8,0.0024958402662229617,0.0030546009927453228,0.8170757131432259,-0.20202351627000087
517,6,8,0.0024958402662229617,0.0030546009927453228,0.8170757131432259,-0.20202351627000087
1756,6,8,0.0024958402662229617,0.0030546009927453228,0.8170757131432259,-0.20202351627000087
1375,6,8,0.0024958402662229617,0.0030546009927453228,0.8170757131432259,-0.20202351627000087
1187,9,12,0.0037437603993344427,0.004581901489117984,0.8170757111470648,-0.20202351871305613
331,9,12,0.0037437603993344427,0.004581901489117984,0.8170757111470648,-0.20202351871305613
479,9,12,0.0037437603993344427,0.004581901489117984,0.8170757111470648,-0.20202351871305613
65,18,24,0.0074875207986688855,0.009163802978235968,0.8170757091509034,-0.2020235211561117
1477,18,24,0.0074875207986688855,0.009163802978235968,0.8170757091509034,-0.2020235211561117
1199,974,1305,0.4051580698835274,0.49828178694158076,0.8131103333899653,-0.20688846721551749
875,1418,1903,0.5898502495840267,0.7266132111492937,0.8117802436730743,-0.20852561131955324
1737,58,78,0.024126455906821963,0.029782359679266894,0.8100921547397896,-0.21060726650342343
490,84,113,0.03494176372712146,0.043146239022527684,0.8098449491250682,-0.21091247047220776
1980,277,373,0.11522462562396006,0.14242077128675068,0.8090436851452086,-0.21190236443813826
1256,23,31,0.00956738768718802,0.011836578846888126,0.8082899484823963,-0.2128344376995961
794,132,178,0.05490848585690516,0.06796487208858343,0.8078950815143084,-0.21332307850323667
315,20,27,0.008319467554076539,0.010309278350515464,0.8069883546176372,-0.2144460412777245
1975,20,27,0.008319467554076539,0.010309278350515464,0.8069883546176372,-0.2144460412777245
281,77,104,0.032029950083194675,0.039709812905689194,0.8066003780628674,-0.21492692783126646
726,37,50,0.015391014975041598,0.019091256204658267,0.8061813654079008,-0.21544654267201077
790,74,100,0.030782029950083195,0.038182512409316534,0.8061813649002899,-0.21544654330165922
1189,25,34,0.010399334442595673,0.012982054219167621,0.8010546163900548,-0.2218261489822882
1220,25,34,0.010399334442595673,0.012982054219167621,0.8010546163900548,-0.2218261489822882
990,11,15,0.004575707154742097,0.0057273768613974796,0.7989184727288536,-0.2244963750566803
298,11,15,0.004575707154742097,0.0057273768613974796,0.7989184727288536,-0.2244963750566803
1087,60,82,0.024958402662229616,0.031309660175639555,0.7971470320183727,-0.2267161353767745
524,46,63,0.01913477537437604,0.024054982817869417,0.7954599485565061,-0.22883477998087992
214,35,48,0.014559068219633943,0.018327605956471937,0.7943791608556956,-0.2301943991535423
523,35,48,0.014559068219633943,0.018327605956471937,0.7943791608556956,-0.2301943991535423
403,8,11,0.0033277870216306157,0.004200076365024819,0.792315842185733,-0.23279517602501199
376,8,11,0.0033277870216306157,0.004200076365024819,0.792315842185733,-0.23279517602501199
1590,8,11,0.0033277870216306157,0.004200076365024819,0.792315842185733,-0.23279517602501199
100,16,22,0.0066555740432612314,0.008400152730049638,0.7923158397133475,-0.23279517914546646
8,16,22,0.0066555740432612314,0.008400152730049638,0.7923158397133475,-0.23279517914546646
167,48,66,0.019966722129783693,0.025200458190148912,0.7923158380650905,-0.23279518122576942
82,85,117,0.035357737104825294,0.044673539518900345,0.7914693464286463,-0.2338641288650522
638,77,106,0.032029950083194675,0.040473463153875525,0.7913815030426796,-0.23397512275444637
350,228,314,0.09484193011647254,0.11989308896525391,0.7910541879928805,-0.23438880788088945
1077,157,217,0.06530782029950083,0.08285605192821688,0.7882082093081149,-0.23799299901524018
319,196,271,0.08153078202995008,0.1034746086292478,0.7879303254316616,-0.23834561253646008
1574,13,18,0.005407653910149751,0.006872852233676976,0.7868136470286502,-0.23976384763970654
199,26,36,0.010815307820299502,0.013745704467353952,0.7868136454777195,-0.23976384961086034
56,31,43,0.012895174708818636,0.016418480336006108,0.7854061074092593,-0.24155436069166136
329,62,86,0.025790349417637273,0.032836960672012215,0.7854061067557461,-0.24155436152373186
1778,41,57,0.017054908485856904,0.021764032073310423,0.7836281645811758,-0.2438206510089508
338,41,57,0.017054908485856904,0.021764032073310423,0.7836281645811758,-0.2438206510089508
198,28,39,0.011647254575707155,0.014891179839633447,0.7821579433546122,-0.24569858523149907
795,5,7,0.0020798668885191347,0.002672775868652157,0.7781673484470836,-0.2508136771028855
854,5,7,0.0020798668885191347,0.002672775868652157,0.7781673484470836,-0.2508136771028855
593,5,7,0.0020798668885191347,0.002672775868652157,0.7781673484470836,-0.2508136771028855
1857,5,7,0.0020798668885191347,0.002672775868652157,0.7781673484470836,-0.2508136771028855
1005,10,14,0.004159733777038269,0.005345551737304314,0.7781673442972286,-0.25081368243574226
384,15,21,0.006239600665557404,0.008018327605956471,0.7781673429139436,-0.2508136842133611
1701,20,28,0.008319467554076539,0.010691103474608629,0.778167342222301,-0.2508136851021707
835,67,94,0.027870216306156406,0.03589156166475754,0.776511665578247,-0.2529436132245347
1476,247,347,0.10274542429284526,0.13249331806032838,0.775476271705373,-0.25427789424774416
1089,22,31,0.009151414309484194,0.011836578846888126,0.7731469076113524,-0.2572861997953312
1160,533,752,0.22171381031613976,0.28713249331806034,0.772165517656436,-0.25855635082862094
895,34,48,0.014143094841930116,0.018327605956471937,0.7716826135585686,-0.2591819358247778
1385,548,775,0.22795341098169716,0.29591447117220315,0.7703354624789858,-0.26092919345196725
1991,403,570,0.16763727121464225,0.21764032073310424,0.7702491462654734,-0.2610412498922468
1313,41,58,0.017054908485856904,0.022145857197403588,0.7701173342183708,-0.2612123936416004
389,842,1192,0.3502495840266223,0.4551355479190531,0.7695500508608043,-0.2619492844645586
2005,12,17,0.004991680532445923,0.006491027109583811,0.7690124338218539,-0.26264814078815124
1433,12,17,0.004991680532445923,0.006491027109583811,0.7690124338218539,-0.26264814078815124
1564,93,132,0.03868552412645591,0.050400916380297825,0.7675559677883721,-0.26454387997964585
391,26,37,0.010815307820299502,0.014127529591447117,0.7655484119666829,-0.26716282360235316
1685,26,37,0.010815307820299502,0.014127529591447117,0.7655484119666829,-0.26716282360235316
1530,40,57,0.016638935108153077,0.021764032073310423,0.764515282630287,-0.268513263452737
1190,7,10,0.0029118136439267887,0.0038182512409316535,0.7626039995618272,-0.27101638693326174
1029,7,10,0.0029118136439267887,0.0038182512409316535,0.7626039995618272,-0.27101638693326174
992,30,43,0.012479201331114808,0.016418480336006108,0.7600704267215637,-0.2743441832561577
1578,39,56,0.01622296173044925,0.021382206949217258,0.758713157772136,-0.2761314942655722
658,16,23,0.0066555740432612314,0.008781977854142803,0.7578673253354657,-0.27724694119871135
1844,73,105,0.03036605657237937,0.04009163802978236,0.75741621168185,-0.27784235935765367
1511,25,36,0.010399334442595673,0.013745704467353952,0.7565515824699225,-0.2789845623942956
1250,9,13,0.0037437603993344427,0.004963726613211149,0.754223734632747,-0.2820662247077464
35,9,13,0.0037437603993344427,0.004963726613211149,0.754223734632747,-0.2820662247077464
549,9,13,0.0037437603993344427,0.004963726613211149,0.754223734632747,-0.2820662247077464
339,9,13,0.0037437603993344427,0.004963726613211149,0.754223734632747,-0.2820662247077464
871,9,13,0.0037437603993344427,0.004963726613211149,0.754223734632747,-0.2820662247077464
25,73,106,0.03036605657237937,0.040473463153875525,0.750270775740242,-0.2873211032886663
1123,42,61,0.01747088186356073,0.023291332569683087,0.7501022896084223,-0.2875456956069625
1286,11,16,0.004575707154742097,0.0061092019854906456,0.7489860690006312,-0.28903489510300157
223,11,16,0.004575707154742097,0.0061092019854906456,0.7489860690006312,-0.28903489510300157
2035,33,48,0.01372712146422629,0.018327605956471937,0.7489860662614416,-0.28903489876019867
230,44,64,0.018302828618968387,0.024436807941962582,0.748986065919043,-0.2890348992173481
454,50,73,0.020798668885191347,0.02787323405880107,0.7461878613258841,-0.2927778856473026
480,13,19,0.005407653910149751,0.007254677357770141,0.7454024030190163,-0.2938310681441928
1959,26,38,0.010815307820299502,0.014509354715540282,0.7454024012643028,-0.29383107049824136
832,30,44,0.012479201331114808,0.016800305460099276,0.7427960989443495,-0.2973337013424317
452,17,25,0.007071547420965058,0.009545628102329133,0.7408153105355183,-0.30000392829419453
696,17,25,0.007071547420965058,0.009545628102329133,0.7408153105355183,-0.30000392829419453
673,19,28,0.007903494176372712,0.010691103474608629,0.7392589755788646,-0.30210697885708965
1063,40,59,0.016638935108153077,0.022527682321496753,0.7385995104527746,-0.3029994393681525
1884,21,31,0.008735440931780365,0.011836578846888126,0.7380038667403085,-0.30380621490987775
932,86,127,0.03577371048252912,0.048491790759831996,0.7377271482081341,-0.3041812406193256
193,84,125,0.03494176372712146,0.047728140511645666,0.7320998341719533,-0.3118383888396691
1447,59,88,0.02454242928452579,0.03360061092019855,0.7304161632588301,-0.3141408206214335
1627,2,3,0.0008319467554076539,0.001145475372279496,0.7262895413658049,-0.31980652635555407
1196,2,3,0.0008319467554076539,0.001145475372279496,0.7262895413658049,-0.31980652635555407
2002,2,3,0.0008319467554076539,0.001145475372279496,0.7262895413658049,-0.31980652635555407
134,2,3,0.0008319467554076539,0.001145475372279496,0.7262895413658049,-0.31980652635555407
1428,2,3,0.0008319467554076539,0.001145475372279496,0.7262895413658049,-0.31980652635555407
850,4,6,0.0016638935108153079,0.002290950744558992,0.7262895294183439,-0.31980654280555154
1930,4,6,0.0016638935108153079,0.002290950744558992,0.7262895294183439,-0.31980654280555154
7,4,6,0.0016638935108153079,0.002290950744558992,0.7262895294183439,-0.31980654280555154
88,4,6,0.0016638935108153079,0.002290950744558992,0.7262895294183439,-0.31980654280555154
108,10,15,0.004159733777038269,0.0057273768613974796,0.7262895222498668,-0.31980655267555086
1266,10,15,0.004159733777038269,0.0057273768613974796,0.7262895222498668,-0.31980655267555086
988,12,18,0.004991680532445923,0.006872852233676976,0.7262895214533693,-0.31980655377221745
1205,12,18,0.004991680532445923,0.006872852233676976,0.7262895214533693,-0.31980655377221745
1280,12,18,0.004991680532445923,0.006872852233676976,0.7262895214533693,-0.31980655377221745
125,14,21,0.005823627287853577,0.008018327605956471,0.7262895208844427,-0.3198065545555506
1887,20,30,0.008319467554076539,0.011454753722794959,0.7262895198603744,-0.3198065559655507
684,36,54,0.014975041597337771,0.020618556701030927,0.7262895187983777,-0.319806557427773
1912,25,38,0.010399334442595673,0.014509354715540282,0.7167330784038336,-0.3330517832816766
542,15,23,0.006239600665557404,0.008781977854142803,0.7105006182136838,-0.34178546133461596
1683,598,922,0.24875207986688852,0.3520427644138984,0.7065962009199821,-0.3472959206353981
371,11,17,0.004575707154742097,0.006491027109583811,0.704928065620523,-0.3496595159565688
600,20,31,0.008319467554076539,0.011836578846888126,0.7028608258692646,-0.3525963785069289
668,9,14,0.0037437603993344427,0.005345551737304314,0.7003506117382201,-0.3561741954224573
1845,9,14,0.0037437603993344427,0.005345551737304314,0.7003506117382201,-0.3561741954224573
1397,9,14,0.0037437603993344427,0.005345551737304314,0.7003506117382201,-0.3561741954224573
1338,18,28,0.0074875207986688855,0.010691103474608629,0.7003506089354281,-0.3561741994244414
745,485,756,0.20174708818635606,0.28865979381443296,0.6989095556070399,-0.3582339362401945
1164,190,297,0.07903494176372712,0.1134020618556701,0.6969444867291972,-0.3610495174061548
1638,30,47,0.012479201331114808,0.01794578083237877,0.6953835822546536,-0.3632916687542968
164,7,11,0.0029118136439267887,0.004200076365024819,0.6932763648886527,-0.36632656435667754
1390,21,33,0.008735440931780365,0.012600229095074456,0.6932763600201121,-0.3663265713791882
1629,35,55,0.014559068219633943,0.021000381825124093,0.693276359046404,-0.36632657278369035
1454,45,71,0.018718801996672214,0.027109583810614738,0.6904865142302269,-0.3703588367648921
2021,50,79,0.020798668885191347,0.030164184803360063,0.6895153657168616,-0.3717662966934517
723,12,19,0.004991680532445923,0.007254677357770141,0.6880637576932619,-0.3738737742767037
1006,24,38,0.009983361064891847,0.014509354715540282,0.6880637555433645,-0.373873777401265
401,41,65,0.017054908485856904,0.024818633066055747,0.6871816216367133,-0.3751566525045319
1367,34,54,0.014143094841930116,0.020618556701030927,0.6859401013568011,-0.3769649708749112
708,69,110,0.02870216306156406,0.042000763650248185,0.6833724103741913,-0.3807153112393942
667,106,169,0.04409317803660566,0.06452844597174494,0.6833138068687004,-0.380801071240172
1617,79,126,0.03286189683860233,0.048109965635738834,0.6830579992325921,-0.38117550466737626
1495,5,8,0.0020798668885191347,0.0030546009927453228,0.6808964330756047,-0.38434506505062266
1976,5,8,0.0020798668885191347,0.0030546009927453228,0.6808964330756047,-0.38434506505062266
1785,5,8,0.0020798668885191347,0.0030546009927453228,0.6808964330756047,-0.38434506505062266
938,5,8,0.0020798668885191347,0.0030546009927453228,0.6808964330756047,-0.38434506505062266
1360,5,8,0.0020798668885191347,0.0030546009927453228,0.6808964330756047,-0.38434506505062266
1622,5,8,0.0020798668885191347,0.0030546009927453228,0.6808964330756047,-0.38434506505062266
1555,5,8,0.0020798668885191347,0.0030546009927453228,0.6808964330756047,-0.38434506505062266
1941,5,8,0.0020798668885191347,0.0030546009927453228,0.6808964330756047,-0.38434506505062266
367,15,24,0.006239600665557404,0.009163802978235968,0.6808964261111694,-0.3843450752789554
948,20,32,0.008319467554076539,0.012218403970981291,0.680896425240615,-0.384345076557497
192,50,80,0.020798668885191347,0.030546009927453228,0.680896423673617,-0.3843450788588719
52,23,37,0.00956738768718802,0.014127529591447117,0.67721590371034,-0.3897651444886655
2030,13,21,0.005407653910149751,0.008018327605956471,0.6744116988549417,-0.39391452538839333
1215,13,21,0.005407653910149751,0.008018327605956471,0.6744116988549417,-0.39391452538839333
1607,122,198,0.050748752079866885,0.07560137457044673,0.6712675847639717,-0.3985874364609004
2038,8,13,0.0033277870216306157,0.004963726613211149,0.6704210996897921,-0.39984925702524104
2018,8,13,0.0033277870216306157,0.004963726613211149,0.6704210996897921,-0.39984925702524104
1349,83,135,0.034525790349417634,0.05154639175257732,0.6698003334192895,-0.40077562083283236
1354,19,31,0.007903494176372712,0.011836578846888126,0.6677177849982208,-0.40388967226184774
1451,52,85,0.021630615640599003,0.03245513554791905,0.666477440589157,-0.4057489875143749
2033,90,148,0.03743760399334443,0.05651011836578847,0.6624938172092022,-0.4117440536797197
863,90,148,0.03743760399334443,0.05651011836578847,0.6624938172092022,-0.4117440536797197
808,17,28,0.007071547420965058,0.010691103474608629,0.6614422422919916,-0.4133326124787692
694,188,313,0.07820299500831947,0.11951126384116074,0.6543566901511587,-0.42410267841560806
919,3,5,0.0012479201331114808,0.0019091256204658267,0.6536605838650522,-0.4251670471600456
511,3,5,0.0012479201331114808,0.0019091256204658267,0.6536605838650522,-0.4251670471600456
1170,3,5,0.0012479201331114808,0.0019091256204658267,0.6536605838650522,-0.4251670471600456
95,3,5,0.0012479201331114808,0.0019091256204658267,0.6536605838650522,-0.4251670471600456
563,3,5,0.0012479201331114808,0.0019091256204658267,0.6536605838650522,-0.4251670471600456
858,3,5,0.0012479201331114808,0.0019091256204658267,0.6536605838650522,-0.4251670471600456
1166,3,5,0.0012479201331114808,0.0019091256204658267,0.6536605838650522,-0.4251670471600456
2040,3,5,0.0012479201331114808,0.0019091256204658267,0.6536605838650522,-0.4251670471600456
1952,3,5,0.0012479201331114808,0.0019091256204658267,0.6536605838650522,-0.4251670471600456
1415,6,10,0.0024958402662229617,0.0038182512409316535,0.6536605747944232,-0.4251670610367108
1303,9,15,0.0037437603993344427,0.0057273768613974796,0.6536605717708802,-0.42516706566226586
1127,12,20,0.004991680532445923,0.007636502481863307,0.6536605702591084,-0.42516706797504394
874,12,20,0.004991680532445923,0.007636502481863307,0.6536605702591084,-0.42516706797504394
1155,12,20,0.004991680532445923,0.007636502481863307,0.6536605702591084,-0.42516706797504394
188,15,25,0.006239600665557404,0.009545628102329133,0.6536605693520455,-0.4251670693627104
1324,15,25,0.006239600665557404,0.009545628102329133,0.6536605693520455,-0.4251670693627104
1775,15,25,0.006239600665557404,0.009545628102329133,0.6536605693520455,-0.4251670693627104
1174,24,40,0.009983361064891847,0.015273004963726614,0.653660567991451,-0.4251670714442105
227,30,50,0.012479201331114808,0.019091256204658267,0.6536605675379195,-0.42516707213804394
561,529,885,0.22004991680532446,0.33791523482245134,0.6511985674627071,-0.4289406641385064
1440,28,47,0.011647254575707155,0.01794578083237877,0.6490246771424993,-0.4322845396688673
294,187,316,0.07778702163061564,0.12065673921344025,0.6446968662773299,-0.43897504742294774
2009,23,39,0.00956738768718802,0.014891179839633447,0.6424868832404644,-0.44240887761109365
636,10,17,0.004159733777038269,0.006491027109583811,0.6408436974191919,-0.44496969357543936
1333,10,17,0.004159733777038269,0.006491027109583811,0.6408436974191919,-0.44496969357543936
570,47,80,0.019550748752079867,0.030546009927453228,0.6400426384496251,-0.4462204822700657
1893,27,46,0.011231281198003328,0.017563955708285606,0.6394505554782307,-0.4471459784219269
1786,7,12,0.0029118136439267887,0.004581901489117984,0.6355033357421613,-0.4533379393622165
1769,14,24,0.005823627287853577,0.009163802978235968,0.6355033317645915,-0.4533379456211449
189,14,24,0.005823627287853577,0.009163802978235968,0.6355033317645915,-0.4533379456211449
1719,14,24,0.005823627287853577,0.009163802978235968,0.6355033317645915,-0.4533379456211449
355,21,36,0.008735440931780365,0.013745704467353952,0.6355033304387349,-0.4533379477074544
598,42,72,0.01747088186356073,0.027491408934707903,0.6355033291128782,-0.4533379497937639
75,46,79,0.01913477537437604,0.030164184803360063,0.6343541367247278,-0.4551479052144157
1905,18,31,0.0074875207986688855,0.011836578846888126,0.632574744127177,-0.4579568928291994
984,40,69,0.016638935108153077,0.026345933562428408,0.6315561035470778,-0.4595684994163616
1950,33,57,0.01372712146422629,0.021764032073310423,0.6307251089740656,-0.4608851548253447
557,15,26,0.006239600665557404,0.009927453226422299,0.6285197784763658,-0.46438778211306875
1802,15,26,0.006239600665557404,0.009927453226422299,0.6285197784763658,-0.46438778211306875
1527,19,33,0.007903494176372712,0.012600229095074456,0.6272500407740408,-0.4664100287311583
1290,27,47,0.011231281198003328,0.01794578083237877,0.6258452245864223,-0.4686521835217526
180,51,89,0.021214642262895173,0.033982436044291714,0.6242825638755377,-0.47115218638417156
2045,4,7,0.0016638935108153079,0.002672775868652157,0.6225338862405239,-0.47395721639709565
1600,4,7,0.0016638935108153079,0.002672775868652157,0.6225338862405239,-0.47395721639709565
1630,8,14,0.0033277870216306157,0.005345551737304314,0.6225338791792114,-0.473957227739952
880,12,21,0.004991680532445923,0.008018327605956471,0.6225338768254406,-0.47395723152090424
21,16,28,0.0066555740432612314,0.010691103474608629,0.6225338756485551,-0.47395723341138046
263,24,42,0.009983361064891847,0.016036655211912942,0.6225338744716696,-0.4739572353018567
1158,21,37,0.008735440931780365,0.014127529591447117,0.6183275648727781,-0.48073692169894716
1085,21,37,0.008735440931780365,0.014127529591447117,0.6183275648727781,-0.48073692169894716
1777,17,30,0.007071547420965058,0.011454753722794959,0.6173460931908182,-0.48232548334214914
1238,37,66,0.015391014975041598,0.025200458190148912,0.6107434594178822,-0.49307827800047205
1292,88,157,0.036605657237936774,0.05994654448262696,0.6106383210708932,-0.49325044095382253
865,14,25,0.005823627287853577,0.009545628102329133,0.6100831987603091,-0.4941599397049
151,29,52,0.012063227953410981,0.019854906452844597,0.6075691175530963,-0.498289336489223
2042,346,622,0.14392678868552414,0.23749522718594884,0.6060197100813041,-0.5008427685551049
601,5,9,0.0020798668885191347,0.003436426116838488,0.6052412760465471,-0.502128097069506
1907,5,9,0.0020798668885191347,0.003436426116838488,0.6052412760465471,-0.502128097069506
124,5,9,0.0020798668885191347,0.003436426116838488,0.6052412760465471,-0.502128097069506
833,50,90,0.020798668885191347,0.03436426116838488,0.6052412657078161,-0.5021281141515054
160,26,47,0.010815307820299502,0.01794578083237877,0.6026657720303452,-0.5063925111621496
1992,21,38,0.008735440931780365,0.014509354715540282,0.602055786961957,-0.5074051685948353
1803,42,76,0.01747088186356073,0.029018709431080564,0.6020557855906203,-0.5074051708725922
381,37,67,0.015391014975041598,0.025582283314242078,0.6016278854323522,-0.5081161553057859
797,32,58,0.013311148086522463,0.022145857197403588,0.6010671886738419,-0.5090485558970964
1184,27,49,0.011231281198003328,0.018709431080565102,0.6003005216786124,-0.5103248796948783
721,11,20,0.004575707154742097,0.007636502481863307,0.5991888571620995,-0.5121784431434614
552,77,140,0.032029950083194675,0.053455517373043146,0.5991888526632807,-0.512178450651643
216,420,765,0.17470881863560733,0.2920962199312715,0.598120779231252,-0.5139625734664801
1027,79,144,0.03286189683860233,0.054982817869415807,0.5976757494838071,-0.5147068970320775
472,17,31,0.007071547420965058,0.011836578846888126,0.5974317032561329,-0.5151153058835274
1856,92,168,0.03826955074875208,0.06414662084765177,0.5965949614085327,-0.5165168524474898
1763,6,11,0.0024958402662229617,0.004200076365024819,0.5942368875915723,-0.5204772384601266
771,6,11,0.0024958402662229617,0.004200076365024819,0.5942368875915723,-0.5204772384601266
1105,6,11,0.0024958402662229617,0.004200076365024819,0.5942368875915723,-0.5204772384601266
1362,6,11,0.0024958402662229617,0.004200076365024819,0.5942368875915723,-0.5204772384601266
1812,12,22,0.004991680532445923,0.008400152730049638,0.594236882761147,-0.5204772465889141
1444,36,66,0.014975041597337771,0.025200458190148912,0.5942368795408633,-0.5204772520081059
2000,85,156,0.035357737104825294,0.05956471935853379,0.5936020101536736,-0.5215462007572176
1267,37,68,0.015391014975041598,0.025964108438335243,0.5927804165630111,-0.5229312410334419
1569,13,24,0.005407653910149751,0.009163802978235968,0.5901102374180135,-0.5274459164539878
1645,26,48,0.010815307820299502,0.018327605956471937,0.5901102351815525,-0.5274459202438915
1927,29,54,0.012063227953410981,0.020618556701030927,0.5850665577528598,-0.5360296642855316
55,67,125,0.027870216306156406,0.047728140511645666,0.5839367729183247,-0.5379625675658617
1045,31,58,0.012895174708818636,0.022145857197403588,0.5822838391688943,-0.540797253969338
1718,39,73,0.01622296173044925,0.02787323405880107,0.5820265326234773,-0.5412392435896997
1910,25,47,0.010399334442595673,0.01794578083237877,0.579486319474268,-0.5456132239455849
1413,25,47,0.010399334442595673,0.01794578083237877,0.579486319474268,-0.5456132239455849
1782,17,32,0.007071547420965058,0.012218403970981291,0.5787619626821789,-0.5468640039340955
435,17,32,0.007071547420965058,0.012218403970981291,0.5787619626821789,-0.5468640039340955
1898,9,17,0.0037437603993344427,0.006491027109583811,0.576759329217861,-0.5503302065621545
1920,48,91,0.019966722129783693,0.034746086292478044,0.574646652409929,-0.5539999446260341
191,652,1237,0.27121464226289516,0.4723176785032455,0.574220815034789,-0.5547412614562317
1468,10,19,0.004159733777038269,0.007254677357770141,0.5733864670417532,-0.5561953270639919
186,21,40,0.008735440931780365,0.015273004963726614,0.5719529978109571,-0.5586984626377808
1004,22,42,0.009151414309484194,0.016036655211912942,0.5706560521186734,-0.5609686113808803
1558,12,23,0.004991680532445923,0.008781977854142803,0.5684004968483384,-0.5649290086421591
743,48,92,0.019966722129783693,0.03512791141657121,0.5684004931623848,-0.5649290151269415
197,154,296,0.06405990016638935,0.11302023673157693,0.5668002657068538,-0.5677483023815758
706,16,31,0.0066555740432612314,0.011836578846888126,0.5622886623850891,-0.5757399268161385
1698,17,33,0.007071547420965058,0.012600229095074456,0.5612237215279695,-0.5776356623528377
1071,21,41,0.008735440931780365,0.015654830087819777,0.5580029247827271,-0.5833910750684571
1849,21,41,0.008735440931780365,0.015654830087819777,0.5580029247827271,-0.5833910750684571
240,46,90,0.01913477537437604,0.03436426116838488,0.5568219646839908,-0.5855097226724695
325,24,47,0.009983361064891847,0.01794578083237877,0.556306866918191,-0.5864352180651732
1384,89,177,0.0370216306156406,0.06758304696449026,0.5477946367276573,-0.6018548127676128
411,1,2,0.00041597337770382697,0.0007636502481863307,0.5447171977224443,-0.6074885222573521
347,1,2,0.00041597337770382697,0.0007636502481863307,0.5447171977224443,-0.6074885222573521
260,1,2,0.00041597337770382697,0.0007636502481863307,0.5447171977224443,-0.6074885222573521
1002,1,2,0.00041597337770382697,0.0007636502481863307,0.5447171977224443,-0.6074885222573521
438,1,2,0.00041597337770382697,0.0007636502481863307,0.5447171977224443,-0.6074885222573521
129,1,2,0.00041597337770382697,0.0007636502481863307,0.5447171977224443,-0.6074885222573521
1650,1,2,0.00041597337770382697,0.0007636502481863307,0.5447171977224443,-0.6074885222573521
1515,1,2,0.00041597337770382697,0.0007636502481863307,0.5447171977224443,-0.6074885222573521
520,1,2,0.00041597337770382697,0.0007636502481863307,0.5447171977224443,-0.6074885222573521
1788,1,2,0.00041597337770382697,0.0007636502481863307,0.5447171977224443,-0.6074885222573521
761,1,2,0.00041597337770382697,0.0007636502481863307,0.5447171977224443,-0.6074885222573521
423,1,2,0.00041597337770382697,0.0007636502481863307,0.5447171977224443,-0.6074885222573521
1728,2,4,0.0008319467554076539,0.0015273004963726614,0.5447171679128048,-0.6074885769823368
183,2,4,0.0008319467554076539,0.0015273004963726614,0.5447171679128048,-0.6074885769823368
16,2,4,0.0008319467554076539,0.0015273004963726614,0.5447171679128048,-0.6074885769823368
773,2,4,0.0008319467554076539,0.0015273004963726614,0.5447171679128048,-0.6074885769823368
1116,2,4,0.0008319467554076539,0.0015273004963726614,0.5447171679128048,-0.6074885769823368
123,2,4,0.0008319467554076539,0.0015273004963726614,0.5447171679128048,-0.6074885769823368
1263,2,4,0.0008319467554076539,0.0015273004963726614,0.5447171679128048,-0.6074885769823368
236,3,6,0.0012479201331114808,0.002290950744558992,0.5447171579762574,-0.6074885952240006
1821,3,6,0.0012479201331114808,0.002290950744558992,0.5447171579762574,-0.6074885952240006
631,3,6,0.0012479201331114808,0.002290950744558992,0.5447171579762574,-0.6074885952240006
99,3,6,0.0012479201331114808,0.002290950744558992,0.5447171579762574,-0.6074885952240006
190,4,8,0.0016638935108153079,0.0030546009927453228,0.5447171530079836,-0.6074886043448329
578,4,8,0.0016638935108153079,0.0030546009927453228,0.5447171530079836,-0.6074886043448329
171,4,8,0.0016638935108153079,0.0030546009927453228,0.5447171530079836,-0.6074886043448329
535,5,10,0.0020798668885191347,0.0038182512409316535,0.5447171500270191,-0.6074886098173325
1310,5,10,0.0020798668885191347,0.0038182512409316535,0.5447171500270191,-0.6074886098173325
1601,6,12,0.0024958402662229617,0.004581901489117984,0.5447171480397096,-0.6074886134656655
1678,6,12,0.0024958402662229617,0.004581901489117984,0.5447171480397096,-0.6074886134656655
1471,6,12,0.0024958402662229617,0.004581901489117984,0.5447171480397096,-0.6074886134656655
1899,6,12,0.0024958402662229617,0.004581901489117984,0.5447171480397096,-0.6074886134656655
150,6,12,0.0024958402662229617,0.004581901489117984,0.5447171480397096,-0.6074886134656655
1054,7,14,0.0029118136439267887,0.005345551737304314,0.5447171466202029,-0.6074886160716175
697,7,14,0.0029118136439267887,0.005345551737304314,0.5447171466202029,-0.6074886160716175
1661,8,16,0.0033277870216306157,0.0061092019854906456,0.5447171455555726,-0.607488618026082
348,9,18,0.0037437603993344427,0.006872852233676976,0.544717144727527,-0.6074886195462207
1329,9,18,0.0037437603993344427,0.006872852233676976,0.544717144727527,-0.6074886195462207
1225,10,20,0.004159733777038269,0.007636502481863307,0.5447171440650903,-0.607488620762332
377,10,20,0.004159733777038269,0.007636502481863307,0.5447171440650903,-0.607488620762332
1386,12,24,0.004991680532445923,0.009163802978235968,0.5447171430714355,-0.6074886225864986
994,13,26,0.005407653910149751,0.009927453226422299,0.5447171426892606,-0.6074886232881009
768,13,26,0.005407653910149751,0.009927453226422299,0.5447171426892606,-0.6074886232881009
443,16,32,0.0066555740432612314,0.012218403970981291,0.544717141829367,-0.6074886248667067
903,17,34,0.007071547420965058,0.012982054219167621,0.5447171416101785,-0.6074886252690964
1832,18,36,0.0074875207986688855,0.013745704467353952,0.5447171414153442,-0.6074886256267761
825,29,58,0.012063227953410981,0.022145857197403588,0.544717140158999,-0.6074886279331938
24,29,58,0.012063227953410981,0.022145857197403588,0.544717140158999,-0.6074886279331938
1604,65,131,0.027038269550748752,0.050019091256204656,0.5405589929293022,-0.6151515027536757
106,26,53,0.010815307820299502,0.020236731576937762,0.5344394585527301,-0.6265368223733818
361,48,98,0.019966722129783693,0.037418862161130204,0.5336004630617708,-0.6281079165741829
257,20,41,0.008319467554076539,0.015654830087819777,0.5314313572401117,-0.6321812386655082
1382,52,107,0.021630615640599003,0.04085528827796869,0.5294446961305348,-0.6359265648524517
1532,16,33,0.0066555740432612314,0.012600229095074456,0.5282105619049339,-0.638260283285449
352,185,383,0.07695507487520799,0.1462390225276823,0.5262280449667117,-0.64202061463406
983,38,79,0.015806988352745424,0.030164184803360063,0.5240316787404604,-0.646203140876896
173,11,23,0.004575707154742097,0.008781977854142803,0.5210337897265566,-0.6519403838105767
289,43,90,0.01788685524126456,0.03436426116838488,0.5205074889161219,-0.6529510031033913
545,10,21,0.004159733777038269,0.008018327605956471,0.5187782327664385,-0.6562787843081924
1366,39,82,0.01622296173044925,0.031309660175639555,0.5181455719298081,-0.6574990493117928
945,29,61,0.012063227953410981,0.023291332569683087,0.5179277727252143,-0.6579194813380111
2007,9,19,0.0037437603993344427,0.007254677357770141,0.516047821715999,-0.6615558400507069
261,9,19,0.0037437603993344427,0.007254677357770141,0.516047821715999,-0.6615558400507069
715,116,246,0.048252911813643926,0.09392898052691867,0.5137169762898007,-0.6660827949656047
757,8,17,0.0033277870216306157,0.006491027109583811,0.5126749610165301,-0.6681132388796489
1086,40,85,0.016638935108153077,0.03245513554791905,0.5126749550103923,-0.6681132505949429
242,31,66,0.012895174708818636,0.025200458190148912,0.5117039801557687,-0.6700089849020088
813,23,49,0.00956738768718802,0.018709431080565102,0.5113671118513954,-0.6706675282215875
277,15,32,0.006239600665557404,0.012218403970981291,0.510672320976555,-0.6720271450026113
1430,37,79,0.015391014975041598,0.030164184803360063,0.5102413714924269,-0.6728713877880761
1861,7,15,0.0029118136439267887,0.0057273768613974796,0.5084026708129068,-0.6764814863114261
1234,41,88,0.017054908485856904,0.03360061092019855,0.5075773346980083,-0.6781061960340068
1066,340,734,0.14143094841930118,0.28025964108438334,0.5046425804358091,-0.6839048618014478
231,55,119,0.022878535773710483,0.045437189767086675,0.5035200447174442,-0.686131756856376
133,6,13,0.0024958402662229617,0.004963726613211149,0.5028158298038824,-0.6875313194603558
1443,39,85,0.01622296173044925,0.03245513554791905,0.49985808121216185,-0.6934310584251302
843,306,669,0.12728785357737105,0.2554410080183276,0.4983062610620753,-0.6965404089290929
672,37,81,0.015391014975041598,0.030927835051546393,0.49764281915063313,-0.6978726899116368
1200,5,11,0.0020798668885191347,0.004200076365024819,0.495197410294492,-0.7027987872407483
50,5,11,0.0020798668885191347,0.004200076365024819,0.495197410294492,-0.7027987872407483
172,5,11,0.0020798668885191347,0.004200076365024819,0.495197410294492,-0.7027987872407483
1486,5,11,0.0020798668885191347,0.004200076365024819,0.495197410294492,-0.7027987872407483
801,5,11,0.0020798668885191347,0.004200076365024819,0.495197410294492,-0.7027987872407483
1806,13,29,0.005407653910149751,0.011072928598701794,0.4883670939544433,-0.7166879142110505
463,25,56,0.010399334442595673,0.021382206949217258,0.48635458999431785,-0.7208173120751207
852,4,9,0.0016638935108153079,0.003436426116838488,0.4841930266572375,-0.7252716363637164
468,4,9,0.0016638935108153079,0.003436426116838488,0.4841930266572375,-0.7252716363637164
1502,4,9,0.0016638935108153079,0.003436426116838488,0.4841930266572375,-0.7252716363637164
1395,4,9,0.0016638935108153079,0.003436426116838488,0.4841930266572375,-0.7252716363637164
1389,4,9,0.0016638935108153079,0.003436426116838488,0.4841930266572375,-0.7252716363637164
1344,4,9,0.0016638935108153079,0.003436426116838488,0.4841930266572375,-0.7252716363637164
1075,8,18,0.0033277870216306157,0.006872852233676976,0.4841930191522462,-0.7252716518637152
1934,12,27,0.004991680532445923,0.010309278350515464,0.4841930166505823,-0.725271657030382
54,11,25,0.004575707154742097,0.009545628102329133,0.47935108698510004,-0.7353219918386712
311,29,66,0.012063227953410981,0.025200458190148912,0.4786908204017308,-0.7367003588658646
1179,35,80,0.014559068219633943,0.030546009927453228,0.47662749755365685,-0.741020020737033
1544,17,39,0.007071547420965058,0.014891179839633447,0.47488161110348703,-0.7446897457950248
1523,3,7,0.0012479201331114808,0.002672775868652157,0.4669004240339639,-0.7616392688155448
763,3,7,0.0012479201331114808,0.002672775868652157,0.4669004240339639,-0.7616392688155448
1062,3,7,0.0012479201331114808,0.002672775868652157,0.4669004240339639,-0.7616392688155448
1660,3,7,0.0012479201331114808,0.002672775868652157,0.4669004240339639,-0.7616392688155448
1316,3,7,0.0012479201331114808,0.002672775868652157,0.4669004240339639,-0.7616392688155448
657,3,7,0.0012479201331114808,0.002672775868652157,0.4669004240339639,-0.7616392688155448
1593,3,7,0.0012479201331114808,0.002672775868652157,0.4669004240339639,-0.7616392688155448
1228,3,7,0.0012479201331114808,0.002672775868652157,0.4669004240339639,-0.7616392688155448
232,3,7,0.0012479201331114808,0.002672775868652157,0.4669004240339639,-0.7616392688155448
1546,6,14,0.0024958402662229617,0.005345551737304314,0.4669004140611942,-0.7616392901750667
882,6,14,0.0024958402662229617,0.005345551737304314,0.4669004140611942,-0.7616392901750667
1484,6,14,0.0024958402662229617,0.005345551737304314,0.4669004140611942,-0.7616392901750667
967,6,14,0.0024958402662229617,0.005345551737304314,0.4669004140611942,-0.7616392901750667
1957,9,21,0.0037437603993344427,0.008018327605956471,0.4669004107369376,-0.7616392972949074
678,15,35,0.006239600665557404,0.013363879343260786,0.4669004080775321,-0.7616393029907806
1176,53,124,0.02204658901830283,0.047346315387552504,0.465645296603892,-0.7643311007765491
1438,11,26,0.004575707154742097,0.009927453226422299,0.46091450690215546,-0.7745427045890294
1230,11,26,0.004575707154742097,0.009927453226422299,0.46091450690215546,-0.7745427045890294
138,8,19,0.0033277870216306157,0.007254677357770141,0.4587091763902448,-0.7793388723682015
369,8,19,0.0033277870216306157,0.007254677357770141,0.4587091763902448,-0.7793388723682015
362,8,19,0.0033277870216306157,0.007254677357770141,0.4587091763902448,-0.7793388723682015
703,168,401,0.06988352745424292,0.1531118747613593,0.456421343005051,-0.7843388982728615
168,23,55,0.00956738768718802,0.021000381825124093,0.45558160900597455,-0.7861804147603518
118,5,12,0.0020798668885191347,0.004581901489117984,0.45393096033725794,-0.7898101622462872
1636,5,12,0.0020798668885191347,0.004581901489117984,0.45393096033725794,-0.7898101622462872
648,5,12,0.0020798668885191347,0.004581901489117984,0.45393096033725794,-0.7898101622462872
1876,42,101,0.01747088186356073,0.038564337533409696,0.45303207667244016,-0.7917923465745372
1609,49,118,0.02038269550748752,0.045055364642993506,0.4523922006570195,-0.7932057748157935
1514,19,46,0.007903494176372712,0.017563955708285606,0.44998372591237806,-0.7985438615108879
1092,16,39,0.0066555740432612314,0.014891179839633447,0.4469473990806575,-0.8053143667276361
1434,9,22,0.0037437603993344427,0.008400152730049638,0.4456776650469966,-0.8081593123629174
1079,18,44,0.0074875207986688855,0.016800305460099276,0.44567766174751877,-0.8081593197662003
93,132,325,0.05490848585690516,0.12409316533027873,0.44247792186230667,-0.8153647098753868
892,15,37,0.006239600665557404,0.014127529591447117,0.44166254836009244,-0.8172091537411125
1664,36,89,0.014975041597337771,0.033982436044291714,0.44067004595411385,-0.8194588786883351
1816,457,1130,0.19009983361064892,0.4314623902252768,0.44059421625911316,-0.8196309716652984
1426,2,5,0.0008319467554076539,0.0019091256204658267,0.4357737400367006,-0.8306321152015472
900,2,5,0.0008319467554076539,0.0019091256204658267,0.4357737400367006,-0.8306321152015472
1675,2,5,0.0008319467554076539,0.0019091256204658267,0.4357737400367006,-0.8306321152015472
224,2,5,0.0008319467554076539,0.0019091256204658267,0.4357737400367006,-0.8306321152015472
1051,2,5,0.0008319467554076539,0.0019091256204658267,0.4357737400367006,-0.8306321152015472
1042,2,5,0.0008319467554076539,0.0019091256204658267,0.4357737400367006,-0.8306321152015472
691,2,5,0.0008319467554076539,0.0019091256204658267,0.4357737400367006,-0.8306321152015472
405,4,10,0.0016638935108153079,0.0038182512409316535,0.4357737252596153,-0.8306321491115428
253,4,10,0.0016638935108153079,0.0038182512409316535,0.4357737252596153,-0.8306321491115428
558,6,15,0.0024958402662229617,0.0057273768613974796,0.43577372033392003,-0.8306321604148752
2001,12,30,0.004991680532445923,0.011454753722794959,0.43577371540822457,-0.8306321717182082
1396,14,35,0.005823627287853577,0.013363879343260786,0.4357737147045538,-0.8306321733329701
1666,9,23,0.0037437603993344427,0.008781977854142803,0.42630037548299293,-0.8526110744161622
301,18,46,0.0074875207986688855,0.017563955708285606,0.4263003722166465,-0.8526110820782395
526,30,77,0.012479201331114808,0.02940053455517373,0.42445491476525893,-0.8569494867268803
615,7,18,0.0029118136439267887,0.006872852233676976,0.4236688935769654,-0.8588030401953809
1689,21,54,0.008735440931780365,0.020618556701030927,0.42366888798655356,-0.8588030533906189
682,12,31,0.004991680532445923,0.011836578846888126,0.42171649890091356,-0.8634219942595863
1644,5,13,0.0020798668885191347,0.004963726613211149,0.4190131948609276,-0.8698528682409774
1268,13,34,0.005407653910149751,0.012982054219167621,0.41654840422024025,-0.8757526075126446
1800,13,34,0.005407653910149751,0.012982054219167621,0.41654840422024025,-0.8757526075126446
2031,29,76,0.012063227953410981,0.029018709431080564,0.415705186355397,-0.8777789566036409
1878,8,21,0.0033277870216306157,0.008018327605956471,0.4150225887074366,-0.8794223296124021
1321,8,21,0.0033277870216306157,0.008018327605956471,0.4150225887074366,-0.8794223296124021
121,25,66,0.010399334442595673,0.025200458190148912,0.41266450089365503,-0.8851203626577931
965,17,45,0.007071547420965058,0.01718213058419244,0.41156406332486345,-0.8877905885403138
1635,3,8,0.0012479201331114808,0.0030546009927453228,0.4085378729403624,-0.8951706567632819
3,3,8,0.0012479201331114808,0.0030546009927453228,0.4085378729403624,-0.8951706567632819
1598,3,8,0.0012479201331114808,0.0030546009927453228,0.4085378729403624,-0.8951706567632819
1374,3,8,0.0012479201331114808,0.0030546009927453228,0.4085378729403624,-0.8951706567632819
1679,6,16,0.0024958402662229617,0.0061092019854906456,0.40853786325886693,-0.8951706804611965
1588,6,16,0.0024958402662229617,0.0061092019854906456,0.40853786325886693,-0.8951706804611965
2028,54,145,0.022462562396006656,0.055364642993508975,0.4057203522122984,-0.9020911443580414
215,29,78,0.012063227953410981,0.029782359679266894,0.4050460790487409,-0.9037544429185412
1946,106,286,0.04409317803660566,0.10920198549064529,0.4037763406783958,-0.9068941665029815
497,7,19,0.0029118136439267887,0.007254677357770141,0.40137053106449044,-0.9128702606998672
1064,14,38,0.005823627287853577,0.014509354715540282,0.4013705269386731,-0.9128702709791903
1587,21,57,0.008735440931780365,0.021764032073310423,0.4013705255634006,-0.9128702744056315
1211,11,30,0.004575707154742097,0.011454753722794959,0.3994592398517059,-0.9176435468866257
1408,19,52,0.007903494176372712,0.019854906452844597,0.3980625270301453,-0.9211461829462803
1808,31,85,0.012895174708818636,0.03245513554791905,0.39732309082631867,-0.9230054984788943
1969,4,11,0.0016638935108153079,0.004200076365024819,0.3961579329974117,-0.9259423265349587
1580,4,11,0.0016638935108153079,0.004200076365024819,0.3961579329974117,-0.9259423265349587
772,4,11,0.0016638935108153079,0.004200076365024819,0.3961579329974117,-0.9259423265349587
1699,4,11,0.0016638935108153079,0.004200076365024819,0.3961579329974117,-0.9259423265349587
1291,4,11,0.0016638935108153079,0.004200076365024819,0.3961579329974117,-0.9259423265349587
1394,4,11,0.0016638935108153079,0.004200076365024819,0.3961579329974117,-0.9259423265349587
963,8,22,0.0033277870216306157,0.008400152730049638,0.39615792580894643,-0.925942344680412
143,12,33,0.004991680532445923,0.012600229095074456,0.39615792341279127,-0.9259423507288969
767,62,173,0.025790349417637273,0.0660557464681176,0.3904330941296971,-0.9404986582365269
1768,5,14,0.0020798668885191347,0.005345551737304314,0.3890836815021856,-0.9439608389556883
1353,15,42,0.006239600665557404,0.016036655211912942,0.3890836738831863,-0.9439608585375924
74,91,255,0.037853577371048254,0.09736540664375716,0.3887785070386443,-0.9447454881742628
502,70,198,0.029118136439267885,0.07560137457044673,0.38515353280540854,-0.9541132376810041
793,7,20,0.0029118136439267887,0.007636502481863307,0.38130200477406323,-0.9641635543982073
1690,7,20,0.0029118136439267887,0.007636502481863307,0.38130200477406323,-0.9641635543982073
1619,7,20,0.0029118136439267887,0.007636502481863307,0.38130200477406323,-0.9641635543982073
1547,7,20,0.0029118136439267887,0.007636502481863307,0.38130200477406323,-0.9641635543982073
1379,7,20,0.0029118136439267887,0.007636502481863307,0.38130200477406323,-0.9641635543982073
1048,14,40,0.005823627287853577,0.015273004963726614,0.3813020007231381,-0.9641635650221356
132,14,40,0.005823627287853577,0.015273004963726614,0.3813020007231381,-0.9641635650221356
1506,14,40,0.005823627287853577,0.015273004963726614,0.3813020007231381,-0.9641635650221356
1104,115,329,0.0478369384359401,0.1256204658266514,0.38080529460758117,-0.9654670722551221
1026,38,109,0.015806988352745424,0.041618938526155023,0.3798027766813754,-0.9681031697265807
462,8,23,0.0033277870216306157,0.008781977854142803,0.37893366836121106,-0.970394106733657
182,32,92,0.013311148086522463,0.03512791141657121,0.3789336630571696,-0.9703941207309392
1236,155,446,0.06447587354409318,0.17029400534555172,0.37861505151282676,-0.9712352852844558
296,10,29,0.004159733777038269,0.011072928598701794,0.37566699743365656,-0.9790521731308495
1748,79,230,0.03286189683860233,0.08781977854142803,0.3741969912356405,-0.9829729056992178
250,12,35,0.004991680532445923,0.013363879343260786,0.37352032795859713,-0.9847828502983237
851,14,41,0.005823627287853577,0.015654830087819777,0.37200195198441965,-0.9888561774528121
1120,56,164,0.02329450915141431,0.06261932035127911,0.37200194897577304,-0.9888561855405293
901,15,44,0.006239600665557404,0.016800305460099276,0.3713980524483111,-0.9904808738890438
1161,1,3,0.00041597337770382697,0.001145475372279496,0.3631448143328986,-1.0129535867155213
1186,1,3,0.00041597337770382697,0.001145475372279496,0.3631448143328986,-1.0129535867155213
719,1,3,0.00041597337770382697,0.001145475372279496,0.3631448143328986,-1.0129535867155213
393,1,3,0.00041597337770382697,0.001145475372279496,0.3631448143328986,-1.0129535867155213
1207,1,3,0.00041597337770382697,0.001145475372279496,0.3631448143328986,-1.0129535867155213
368,1,3,0.00041597337770382697,0.001145475372279496,0.3631448143328986,-1.0129535867155213
1955,1,3,0.00041597337770382697,0.001145475372279496,0.3631448143328986,-1.0129535867155213
1772,1,3,0.00041597337770382697,0.001145475372279496,0.3631448143328986,-1.0129535867155213
856,1,3,0.00041597337770382697,0.001145475372279496,0.3631448143328986,-1.0129535867155213
476,1,3,0.00041597337770382697,0.001145475372279496,0.3631448143328986,-1.0129535867155213
1894,1,3,0.00041597337770382697,0.001145475372279496,0.3631448143328986,-1.0129535867155213
78,2,6,0.0008319467554076539,0.002290950744558992,0.363144786534171,-1.0129536632655023
1559,2,6,0.0008319467554076539,0.002290950744558992,0.363144786534171,-1.0129536632655023
572,2,6,0.0008319467554076539,0.002290950744558992,0.363144786534171,-1.0129536632655023
326,2,6,0.0008319467554076539,0.002290950744558992,0.363144786534171,-1.0129536632655023
429,2,6,0.0008319467554076539,0.002290950744558992,0.363144786534171,-1.0129536632655023
641,2,6,0.0008319467554076539,0.002290950744558992,0.363144786534171,-1.0129536632655023
534,2,6,0.0008319467554076539,0.002290950744558992,0.363144786534171,-1.0129536632655023
508,2,6,0.0008319467554076539,0.002290950744558992,0.363144786534171,-1.0129536632655023
406,3,9,0.0012479201331114808,0.003436426116838488,0.36314477726792793,-1.0129536887821653
639,3,9,0.0012479201331114808,0.003436426116838488,0.36314477726792793,-1.0129536887821653
1273,3,9,0.0012479201331114808,0.003436426116838488,0.36314477726792793,-1.0129536887821653
944,3,9,0.0012479201331114808,0.003436426116838488,0.36314477726792793,-1.0129536887821653
1439,3,9,0.0012479201331114808,0.003436426116838488,0.36314477726792793,-1.0129536887821653
2019,3,9,0.0012479201331114808,0.003436426116838488,0.36314477726792793,-1.0129536887821653
671,4,12,0.0016638935108153079,0.004581901489117984,0.3631447726348063,-1.0129537015404975
274,4,12,0.0016638935108153079,0.004581901489117984,0.3631447726348063,-1.0129537015404975
817,4,12,0.0016638935108153079,0.004581901489117984,0.3631447726348063,-1.0129537015404975
1345,4,12,0.0016638935108153079,0.004581901489117984,0.3631447726348063,-1.0129537015404975
1351,4,12,0.0016638935108153079,0.004581901489117984,0.3631447726348063,-1.0129537015404975
229,5,15,0.0020798668885191347,0.0057273768613974796,0.36314476985493327,-1.012953709195497
597,5,15,0.0020798668885191347,0.0057273768613974796,0.36314476985493327,-1.012953709195497
533,7,21,0.0029118136439267887,0.008018327605956471,0.36314476667793555,-1.0129537179440677
720,12,36,0.004991680532445923,0.013745704467353952,0.3631447633685628,-1.012953727057163
291,18,54,0.0074875207986688855,0.020618556701030927,0.3631447618241888,-1.0129537313099406
115,18,54,0.0074875207986688855,0.020618556701030927,0.3631447618241888,-1.0129537313099406
1328,34,102,0.014143094841930116,0.038946162657502864,0.3631447603706604,-1.0129537353125548
1795,96,288,0.03993344425956739,0.10996563573883161,0.3631447593145812,-1.0129537382207043
1111,20,61,0.008319467554076539,0.023291332569683087,0.3571915687291472,-1.0294830340401495
1509,59,180,0.02454242928452579,0.06872852233676977,0.35709234702528087,-1.029760855512301
1612,52,160,0.021630615640599003,0.061092019854906456,0.35406614082436794,-1.0382715448135837
184,177,549,0.07362728785357738,0.20962199312714777,0.35123837351262255,-1.0462901592019451
1520,9,28,0.0037437603993344427,0.010691103474608629,0.35017530914449974,-1.0493213666288315
336,9,28,0.0037437603993344427,0.010691103474608629,0.35017530914449974,-1.0493213666288315
492,9,28,0.0037437603993344427,0.010691103474608629,0.35017530914449974,-1.0493213666288315
1901,71,224,0.029534109816971715,0.08552882779686903,0.34531175795585617,-1.0633076237443915
924,6,19,0.0024958402662229617,0.007254677357770141,0.3440318857387361,-1.0670209348033164
276,11,35,0.004575707154742097,0.013363879343260786,0.3423936345856188,-1.0717942254667414
1717,22,70,0.009151414309484194,0.026727758686521573,0.34239363212523155,-1.0717942326525853
1270,57,182,0.023710482529118136,0.06949217258495609,0.34119645008956623,-1.0752968676110986
109,5,16,0.0020798668885191347,0.0061092019854906456,0.340448222110514,-1.0774922292418183
784,24,77,0.009983361064891847,0.02940053455517373,0.3395639324924669,-1.0800930360377567
1835,4,13,0.0016638935108153079,0.004963726613211149,0.3352105599179728,-1.0929964075351877
539,4,13,0.0016638935108153079,0.004963726613211149,0.3352105599179728,-1.0929964075351877
1846,4,13,0.0016638935108153079,0.004963726613211149,0.3352105599179728,-1.0929964075351877
1463,7,23,0.0029118136439267887,0.008781977854142803,0.33156696123942925,-1.1039254950653226
1736,7,23,0.0029118136439267887,0.008781977854142803,0.33156696123942925,-1.1039254950653226
649,14,46,0.005823627287853577,0.017563955708285606,0.3315669574337202,-1.1039255065432727
1642,25,83,0.010399334442595673,0.03169148529973272,0.3281428563990054,-1.1143062276152054
279,3,10,0.0012479201331114808,0.0038182512409316535,0.32683030049221123,-1.1183142015299918
1368,3,10,0.0012479201331114808,0.0038182512409316535,0.32683030049221123,-1.1183142015299918
1652,3,10,0.0012479201331114808,0.0038182512409316535,0.32683030049221123,-1.1183142015299918
2039,3,10,0.0012479201331114808,0.0038182512409316535,0.32683030049221123,-1.1183142015299918
1671,9,30,0.0037437603993344427,0.011454753722794959,0.3268302887386685,-1.1183142374922113
1093,13,44,0.005407653910149751,0.016800305460099276,0.321878312915506,-1.1335817150640761
686,5,17,0.0020798668885191347,0.006491027109583811,0.32042185641253706,-1.1381168500953853
265,5,17,0.0020798668885191347,0.006491027109583811,0.32042185641253706,-1.1381168500953853
1293,10,34,0.004159733777038269,0.012982054219167621,0.3204218511777866,-1.1381168664324435
1528,7,24,0.0029118136439267887,0.009163802978235968,0.3177516713385457,-1.146485109009662
1614,9,31,0.0037437603993344427,0.011836578846888126,0.316287376287782,-1.1511040600335896
1040,13,45,0.005407653910149751,0.01718213058419244,0.31472546155901326,-1.1560545707838619
135,2,7,0.0008319467554076539,0.002672775868652157,0.31126696182740404,-1.1671043368570466
522,2,7,0.0008319467554076539,0.002672775868652157,0.31126696182740404,-1.1671043368570466
120,2,7,0.0008319467554076539,0.002672775868652157,0.31126696182740404,-1.1671043368570466
1640,2,7,0.0008319467554076539,0.002672775868652157,0.31126696182740404,-1.1671043368570466
1058,2,7,0.0008319467554076539,0.002672775868652157,0.31126696182740404,-1.1671043368570466
482,4,14,0.0016638935108153079,0.005345551737304314,0.31126694894317697,-1.1671043782498987
2037,4,14,0.0016638935108153079,0.005345551737304314,0.31126694894317697,-1.1671043782498987
1583,4,14,0.0016638935108153079,0.005345551737304314,0.31126694894317697,-1.1671043782498987
4,51,180,0.021214642262895173,0.06872852233676977,0.30867304593100553,-1.1754726660545454
1978,179,634,0.07445923460898503,0.2420771286750668,0.30758475650201156,-1.179004598813932
1932,11,39,0.004575707154742097,0.014891179839633447,0.3072763389665097,-1.1800078093395014
1279,58,207,0.024126455906821963,0.07903780068728522,0.3052521169174937,-1.1866172309867258
412,5,18,0.0020798668885191347,0.006872852233676976,0.3026206424264038,-1.1952752630794516
238,5,18,0.0020798668885191347,0.006872852233676976,0.3026206424264038,-1.1952752630794516
519,10,36,0.004159733777038269,0.013745704467353952,0.30262063735296896,-1.195275279844451
847,90,325,0.03743760399334443,0.12409316533027873,0.30168949243525106,-1.1983569612815936
1632,8,29,0.0033277870216306157,0.011072928598701794,0.3005335997531322,-1.2021957184350591
917,16,58,0.0066555740432612314,0.022145857197403588,0.3005335965946796,-1.2021957289445417
1024,3,11,0.0012479201331114808,0.004200076365024819,0.29711845570033135,-1.2136243789534076
1296,6,22,0.0024958402662229617,0.008400152730049638,0.29711844733284615,-1.2136244071155267
204,9,33,0.0037437603993344427,0.012600229095074456,0.2971184445436844,-1.2136244165029
839,37,136,0.015391014975041598,0.051928216876670485,0.29639020885227463,-1.2160784196676517
166,4,15,0.0016638935108153079,0.0057273768613974796,0.2905158193759466,-1.236097248489707
1641,4,15,0.0016638935108153079,0.0057273768613974796,0.2905158193759466,-1.236097248489707
457,5,19,0.0020798668885191347,0.007254677357770141,0.28669324041298183,-1.249342483583938
759,6,23,0.0024958402662229617,0.008781977854142803,0.2842002541176474,-1.2580761691687716
987,18,69,0.0074875207986688855,0.026345933562428408,0.2842002486837937,-1.2580761882885778
670,10,39,0.004159733777038269,0.014891179839633447,0.2793421269436801,-1.275317986958372
201,13,51,0.005407653910149751,0.019473081328751432,0.2776989368598597,-1.281217713053162
776,1,4,0.00041597337770382697,0.0015273004963726614,0.27235861669390027,-1.3006356373423036
1137,1,4,0.00041597337770382697,0.0015273004963726614,0.27235861669390027,-1.3006356373423036
71,1,4,0.00041597337770382697,0.0015273004963726614,0.27235861669390027,-1.3006356373423036
1473,1,4,0.00041597337770382697,0.0015273004963726614,0.27235861669390027,-1.3006356373423036
821,2,8,0.0008319467554076539,0.0030546009927453228,0.2723585928727413,-1.3006357248047835
1209,2,8,0.0008319467554076539,0.0030546009927453228,0.2723585928727413,-1.3006357248047835
375,2,8,0.0008319467554076539,0.0030546009927453228,0.2723585928727413,-1.3006357248047835
1654,2,8,0.0008319467554076539,0.0030546009927453228,0.2723585928727413,-1.3006357248047835
927,3,12,0.0012479201331114808,0.004581901489117984,0.2723585849323546,-1.3006357539589466
38,3,12,0.0012479201331114808,0.004581901489117984,0.2723585849323546,-1.3006357539589466
19,3,12,0.0012479201331114808,0.004581901489117984,0.2723585849323546,-1.3006357539589466
340,3,12,0.0012479201331114808,0.004581901489117984,0.2723585849323546,-1.3006357539589466
1068,3,12,0.0012479201331114808,0.004581901489117984,0.2723585849323546,-1.3006357539589466
507,4,16,0.0016638935108153079,0.0061092019854906456,0.2723585809621612,-1.3006357685360286
1464,6,24,0.0024958402662229617,0.009163802978235968,0.27235857699196775,-1.300635783113111
1805,10,40,0.004159733777038269,0.015273004963726614,0.2723585738158129,-1.3006357947747773
104,11,44,0.004575707154742097,0.016800305460099276,0.27235857338270086,-1.3006357963650046
622,10,41,0.004159733777038269,0.015654830087819777,0.26571568181395827,-1.3253284072054536
1663,23,95,0.00956738768718802,0.036273386788850705,0.2637577741638659,-1.3327241191234458
1489,7,29,0.0029118136439267887,0.011072928598701794,0.26296690091286995,-1.335727106766725
1794,4,17,0.0016638935108153079,0.006491027109583811,0.2563374882112061,-1.3612603893895956
1682,3,13,0.0012479201331114808,0.004963726613211149,0.25140792497501796,-1.3806784599536366
1931,3,13,0.0012479201331114808,0.004963726613211149,0.25140792497501796,-1.3806784599536366
685,6,26,0.0024958402662229617,0.009927453226422299,0.25140791743439245,-1.3806784899472242
774,2,9,0.0008319467554076539,0.003436426116838488,0.24209652787861835,-1.418418756823667
1278,4,18,0.0016638935108153079,0.006872852233676976,0.242096516851123,-1.418418802373662
864,12,54,0.004991680532445923,0.020618556701030927,0.24209650949945918,-1.4184188327403273
1308,92,417,0.03826955074875208,0.15922107674684993,0.2403548048199827,-1.4256390939121615
73,11,50,0.004575707154742097,0.019091256204658267,0.23967554474797048,-1.4284691671606167
1095,82,373,0.03410981697171381,0.14242077128675068,0.23950029717987487,-1.4292006212973865
1749,63,287,0.0262063227953411,0.10958381061473844,0.23914411010545822,-1.430688937612145
1858,42,193,0.01747088186356073,0.07369224894998092,0.23707896269675946,-1.439362017402089
465,5,23,0.0020798668885191347,0.008781977854142803,0.23683354699586556,-1.4403977179493932
1662,5,23,0.0020798668885191347,0.008781977854142803,0.23683354699586556,-1.4403977179493932
210,5,23,0.0020798668885191347,0.008781977854142803,0.23683354699586556,-1.4403977179493932
1507,11,51,0.004575707154742097,0.019473081328751432,0.23497602428684958,-1.4482717943540906
1562,3,14,0.0012479201331114808,0.005345551737304314,0.23345021638416835,-1.4547864306683478
754,9,42,0.0037437603993344427,0.016036655211912942,0.23345020682419754,-1.4547864716191388
364,9,42,0.0037437603993344427,0.016036655211912942,0.23345020682419754,-1.4547864716191388
630,7,33,0.0029118136439267887,0.012600229095074456,0.23109212529761308,-1.4649388371520604
979,4,19,0.0016638935108153079,0.007254677357770141,0.22935459508722755,-1.4724860228781482
1908,4,19,0.0016638935108153079,0.007254677357770141,0.22935459508722755,-1.4724860228781482
609,38,182,0.015806988352745424,0.06949217258495609,0.22746430053938116,-1.480761973610491
1465,5,24,0.0020798668885191347,0.009163802978235968,0.22696548264538974,-1.4829573318937328
1022,7,34,0.0029118136439267887,0.012982054219167621,0.22429529813533297,-1.494791800068319
478,8,39,0.0033277870216306157,0.014891179839633447,0.22347370289802104,-1.4984615322625818
1350,1,5,0.00041597337770382697,0.0019091256204658267,0.21788689620834892,-1.5237791755615142
1340,1,5,0.00041597337770382697,0.0019091256204658267,0.21788689620834892,-1.5237791755615142
662,1,5,0.00041597337770382697,0.0019091256204658267,0.21788689620834892,-1.5237791755615142
1780,1,5,0.00041597337770382697,0.0019091256204658267,0.21788689620834892,-1.5237791755615142
1695,1,5,0.00041597337770382697,0.0019091256204658267,0.21788689620834892,-1.5237791755615142
15,1,5,0.00041597337770382697,0.0019091256204658267,0.21788689620834892,-1.5237791755615142
1419,2,10,0.0008319467554076539,0.0038182512409316535,0.21788687572480728,-1.5237792695714936
264,2,10,0.0008319467554076539,0.0038182512409316535,0.21788687572480728,-1.5237792695714936
1053,3,15,0.0012479201331114808,0.0057273768613974796,0.21788686889695985,-1.5237793009081564
583,5,25,0.0020798668885191347,0.009545628102329133,0.21788686343468178,-1.5237793259774879
388,6,30,0.0024958402662229617,0.011454753722794959,0.21788686206911229,-1.5237793322448205
1852,7,35,0.0029118136439267887,0.013363879343260786,0.21788686109370545,-1.5237793367214871
957,21,105,0.008735440931780365,0.04009163802978236,0.21788685719207815,-1.5237793546281537
872,6,31,0.0024958402662229617,0.011836578846888126,0.21085825367465033,-1.5565691547861986
1824,9,47,0.0037437603993344427,0.01794578083237877,0.20861507857703437,-1.5672644543824552
770,4,21,0.0016638935108153079,0.008018327605956471,0.20751130058943248,-1.5725694801223489
1953,8,42,0.0033277870216306157,0.016036655211912942,0.20751129564769938,-1.5725695039366334
1222,10,53,0.004159733777038269,0.020236731576937762,0.20555364094582504,-1.5820482526069723
553,3,16,0.0012479201331114808,0.0061092019854906456,0.2042689398138083,-1.5883178209544777
752,3,16,0.0012479201331114808,0.0061092019854906456,0.2042689398138083,-1.5883178209544777
1790,49,264,0.02038269550748752,0.10080183276059565,0.20220560508731883,-1.5984702522689989
1919,71,386,0.029534109816971715,0.14738449789996183,0.20038817051830896,-1.6074989408634837
954,9,49,0.0037437603993344427,0.018709431080565102,0.2001001774561361,-1.6089371505555807
1183,2,11,0.0008319467554076539,0.004200076365024819,0.19807897840325103,-1.6190894469949093
1472,2,11,0.0008319467554076539,0.004200076365024819,0.19807897840325103,-1.6190894469949093
1771,2,11,0.0008319467554076539,0.004200076365024819,0.19807897840325103,-1.6190894469949093
221,2,11,0.0008319467554076539,0.004200076365024819,0.19807897840325103,-1.6190894469949093
453,2,11,0.0008319467554076539,0.004200076365024819,0.19807897840325103,-1.6190894469949093
293,4,22,0.0016638935108153079,0.008400152730049638,0.19807896885674586,-1.6190894951903587
1752,6,33,0.0024958402662229617,0.012600229095074456,0.19807896567457745,-1.6190895112555093
1331,16,88,0.0066555740432612314,0.03360061092019855,0.19807896169686684,-1.6190895313369482
363,9,50,0.0037437603993344427,0.019091256204658267,0.19609817392797585,-1.6291398577662024
1897,34,189,0.014143094841930116,0.07216494845360824,0.1959828867808839,-1.6297279359059933
1047,22,124,0.009151414309484194,0.047346315387552504,0.19328672812755893,-1.6435805545789315
219,3,17,0.0012479201331114808,0.006491027109583811,0.19225312000987507,-1.6489424418080447
318,6,34,0.0024958402662229617,0.012982054219167621,0.19225311378784843,-1.648942474171768
280,7,40,0.0029118136439267887,0.015273004963726614,0.19065100363531903,-1.6573107284106527
147,98,561,0.04076539101497504,0.21420389461626574,0.19031115736234785,-1.6590948760132944
217,5,29,0.0020798668885191347,0.011072928598701794,0.18783350323234552,-1.6721993296507955
848,33,192,0.01372712146422629,0.07331042382588775,0.18724651733160827,-1.6753292557879016
1128,68,396,0.028286189683860232,0.15120274914089346,0.18707457321953314,-1.6762479543518296
269,58,339,0.024126455906821963,0.12943871706758306,0.18639288564321657,-1.679898544609156
1686,1,6,0.00041597337770382697,0.002290950744558992,0.18157241509208452,-1.7061007236254695
1462,1,6,0.00041597337770382697,0.002290950744558992,0.18157241509208452,-1.7061007236254695
1115,1,6,0.00041597337770382697,0.002290950744558992,0.18157241509208452,-1.7061007236254695
1458,1,6,0.00041597337770382697,0.002290950744558992,0.18157241509208452,-1.7061007236254695
1895,1,6,0.00041597337770382697,0.002290950744558992,0.18157241509208452,-1.7061007236254695
1653,1,6,0.00041597337770382697,0.002290950744558992,0.18157241509208452,-1.7061007236254695
1639,1,6,0.00041597337770382697,0.002290950744558992,0.18157241509208452,-1.7061007236254695
1925,1,6,0.00041597337770382697,0.002290950744558992,0.18157241509208452,-1.7061007236254695
402,1,6,0.00041597337770382697,0.002290950744558992,0.18157241509208452,-1.7061007236254695
886,2,12,0.0008319467554076539,0.004581901489117984,0.18157239722990293,-1.706100822000448
432,24,144,0.009983361064891847,0.054982817869415807,0.1815723808562357,-1.7061009121775246
1046,54,332,0.022462562396006656,0.1267659411989309,0.17719714195973946,-1.730492369836604
373,4,25,0.0016638935108153079,0.009545628102329133,0.17430949284294542,-1.7469228652716982
1818,4,25,0.0016638935108153079,0.009545628102329133,0.17430949284294542,-1.7469228652716982
914,3,19,0.0012479201331114808,0.007254677357770141,0.17201594976147325,-1.7601680752965971
450,5,32,0.0020798668885191347,0.012218403970981291,0.17022411244843497,-1.7706394016173885
1623,26,167,0.010815307820299502,0.06376479572355861,0.1696125233463645,-1.774238717864769
709,2,13,0.0008319467554076539,0.004963726613211149,0.16760529003206312,-1.7861435279951383
1117,4,27,0.0016638935108153079,0.010309278350515464,0.1613976786835274,-1.8238839056318263
1712,4,27,0.0016638935108153079,0.010309278350515464,0.1613976786835274,-1.8238839056318263
379,1,7,0.00041597337770382697,0.002672775868652157,0.1556334996208442,-1.8602513972170134
986,1,7,0.00041597337770382697,0.002672775868652157,0.1556334996208442,-1.8602513972170134
1872,1,7,0.00041597337770382697,0.002672775868652157,0.1556334996208442,-1.8602513972170134
1091,2,14,0.0008319467554076539,0.005345551737304314,0.15563348382515976,-1.8602514987098493
1191,2,14,0.0008319467554076539,0.005345551737304314,0.15563348382515976,-1.8602514987098493
1320,2,14,0.0008319467554076539,0.005345551737304314,0.15563348382515976,-1.8602514987098493
1779,11,78,0.004575707154742097,0.029782359679266894,0.15363816999912452,-1.8731549865417547
84,55,394,0.022878535773710483,0.15043909889270715,0.15207838937415843,-1.8833591715066609
1326,53,390,0.02204658901830283,0.14891179839633448,0.14805132528733453,-1.910196272854646
646,2,15,0.0008319467554076539,0.0057273768613974796,0.14525791841797314,-1.929244368949658
937,6,45,0.0024958402662229617,0.01718213058419244,0.14525790846877532,-1.9292444374429853
1563,27,204,0.011231281198003328,0.07789232531500573,0.14418983177307548,-1.9366245713673935
883,22,167,0.009151414309484194,0.06376479572355861,0.14351828922665666,-1.9412928008468164
1817,3,23,0.0012479201331114808,0.008781977854142803,0.1421001327523019,-1.9512233096620526
1867,7,55,0.0029118136439267887,0.021000381825124093,0.13865527561873534,-1.9757644577435054
1488,9,71,0.0037437603993344427,0.027109583810614738,0.13809730579703128,-1.979796727830104
456,23,182,0.00956738768718802,0.06949217258495609,0.13767576142081397,-1.982853913281869
1747,73,579,0.03036605657237937,0.22107674684994272,0.1373552718289952,-1.9851844847311713
1450,1,8,0.00041597337770382697,0.0030546009927453228,0.13617931280512008,-1.9937827851647507
1425,1,8,0.00041597337770382697,0.0030546009927453228,0.13617931280512008,-1.9937827851647507
320,1,8,0.00041597337770382697,0.0030546009927453228,0.13617931280512008,-1.9937827851647507
920,1,8,0.00041597337770382697,0.0030546009927453228,0.13617931280512008,-1.9937827851647507
1620,2,16,0.0008319467554076539,0.0061092019854906456,0.13617929866545547,-1.9937828889959792
1715,2,16,0.0008319467554076539,0.0061092019854906456,0.13617929866545547,-1.9937828889959792
1938,2,16,0.0008319467554076539,0.0061092019854906456,0.13617929866545547,-1.9937828889959792
1248,2,16,0.0008319467554076539,0.0061092019854906456,0.13617929866545547,-1.9937828889959792
1431,3,24,0.0012479201331114808,0.009163802978235968,0.1361792939522338,-1.9937829236063922
455,8,64,0.0033277870216306157,0.024436807941962582,0.13617928806070667,-1.9937829668694103
40,9,72,0.0037437603993344427,0.027491408934707903,0.1361792876679382,-1.9937829697536116
395,23,186,0.00956738768718802,0.07101947308132875,0.13471499236216974,-2.0045938998873285
1403,19,162,0.007903494176372712,0.061855670103092786,0.12777315726145888,-2.057498796177365
1996,40,348,0.016638935108153077,0.13287514318442153,0.1252223312567735,-2.0776644715505106
1758,55,493,0.022878535773710483,0.1882397861779305,0.12153932134161584,-2.107517436117934
357,1,9,0.00041597337770382697,0.003436426116838488,0.12104827848930874,-2.1115658171836342
6,1,9,0.00041597337770382697,0.003436426116838488,0.12104827848930874,-2.1115658171836342
1007,1,9,0.00041597337770382697,0.003436426116838488,0.12104827848930874,-2.1115658171836342
1797,3,28,0.0012479201331114808,0.010691103474608629,0.1167251092838808,-2.1479336018747217
905,10,95,0.004159733777038269,0.036273386788850705,0.1146772946729394,-2.165633228470724
897,22,209,0.009151414309484194,0.07980145093547156,0.11467729334165129,-2.165633240079719
1914,51,488,0.021214642262895173,0.1863306605574647,0.11385481212828664,-2.172831220099163
1138,5,48,0.0020798668885191347,0.018327605956471937,0.11348274194188507,-2.176104506997428
515,1,10,0.00041597337770382697,0.0038182512409316535,0.10894345095740329,-2.2169263299314608
1875,2,20,0.0008319467554076539,0.007636502481863307,0.10894343928901795,-2.216926437036439
1958,7,72,0.0029118136439267887,0.027491408934707903,0.10591722455006303,-2.245097390402772
731,3,31,0.0012479201331114808,0.011836578846888126,0.10542913106151867,-2.24971629527948
642,5,53,0.0020798668885191347,0.020236731576937762,0.10277682294366723,-2.2751954091269186
916,1,11,0.00041597337770382697,0.004200076365024819,0.09903950110617067,-2.3122365073548763
1084,2,22,0.0008319467554076539,0.008400152730049638,0.09903949038064559,-2.3122366156503094
1432,6,67,0.0024958402662229617,0.025582283314242078,0.09756128199383039,-2.327274565152587
380,6,67,0.0024958402662229617,0.025582283314242078,0.09756128199383039,-2.327274565152587
398,4,45,0.0016638935108153079,0.01718213058419244,0.09683860758585021,-2.3347095255178174
826,2,23,0.0008319467554076539,0.008781977854142803,0.09473342563052006,-2.3566883777035543
1646,4,46,0.0016638935108153079,0.017563955708285606,0.09473342047640453,-2.356688432110071
2029,1,12,0.00041597337770382697,0.004581901489117984,0.09078620952745121,-2.3992478823604153
1986,2,24,0.0008319467554076539,0.009163802978235968,0.09078619960565583,-2.399247991647894
493,3,36,0.0012479201331114808,0.013745704467353952,0.09078619629839066,-2.3992480280770563
1677,3,37,0.0012479201331114808,0.014127529591447117,0.08833251533472115,-2.4266470020685493
1262,36,465,0.014975041597337771,0.1775486827033219,0.08434329931879163,-2.472859912164081
778,1,13,0.00041597337770382697,0.004963726613211149,0.08380265508910827,-2.4792905883551057
814,1,13,0.00041597337770382697,0.004963726613211149,0.08380265508910827,-2.4792905883551057
509,1,13,0.00041597337770382697,0.004963726613211149,0.08380265508910827,-2.4792905883551057
1281,14,195,0.005823627287853577,0.07445589919816724,0.07821579542719899,-2.548283664267523
1871,12,169,0.004991680532445923,0.06452844597174494,0.07735628139713766,-2.5593334977988302
1799,9,127,0.0037437603993344427,0.048491790759831996,0.07720400572863918,-2.561303935620852
1784,1,15,0.00041597337770382697,0.0057273768613974796,0.07262896793898642,-2.622391429309625
1521,2,30,0.0008319467554076539,0.011454753722794959,0.07262895984303738,-2.6223915407796032
101,1,16,0.00041597337770382697,0.0061092019854906456,0.0680896575171026,-2.6869299493559464
991,2,32,0.0008319467554076539,0.012218403970981291,0.06808964988999895,-2.6869300613715494
829,1,17,0.00041597337770382697,0.006491027109583811,0.06408438360721311,-2.7475545702095134
345,2,34,0.0008319467554076539,0.012982054219167621,0.06408437639791022,-2.747554682706551
1904,3,57,0.0012479201331114808,0.021764032073310423,0.057338650447403085,-2.8587803547752335
408,10,190,0.004159733777038269,0.07254677357770141,0.057338647415506504,-2.8587804076522483
1822,1,21,0.00041597337770382697,0.008018327605956471,0.051877834500929434,-2.9588636609422667
2043,1,22,0.00041597337770382697,0.008400152730049638,0.04951975114259545,-3.0053836760102763
1383,1,23,0.00041597337770382697,0.008781977854142803,0.04736671850873823,-3.0498354380635213
53,1,25,0.00041597337770382697,0.009545628102329133,0.043577381067736266,-3.133217046091616
174,1,25,0.00041597337770382697,0.009545628102329133,0.043577381067736266,-3.133217046091616
23,1,25,0.00041597337770382697,0.009545628102329133,0.043577381067736266,-3.133217046091616
285,1,25,0.00041597337770382697,0.009545628102329133,0.043577381067736266,-3.133217046091616
1244,1,28,0.00041597337770382697,0.010691103474608629,0.038908375997007826,-3.2465457302761904
1169,1,37,0.00041597337770382697,0.014127529591447117,0.02944417649715927,-3.525259130470018
86,3,135,0.0012479201331114808,0.05154639175257732,0.024209652475396005,-3.721003862724376
44,0,1,0.0,0.00038182512409316535,2.61899931408408e-07,-15.15530334733271
2003,0,1,0.0,0.00038182512409316535,2.61899931408408e-07,-15.15530334733271
727,0,1,0.0,0.00038182512409316535,2.61899931408408e-07,-15.15530334733271
1265,0,1,0.0,0.00038182512409316535,2.61899931408408e-07,-15.15530334733271
1987,0,1,0.0,0.00038182512409316535,2.61899931408408e-07,-15.15530334733271
1548,0,1,0.0,0.00038182512409316535,2.61899931408408e-07,-15.15530334733271
1913,0,1,0.0,0.00038182512409316535,2.61899931408408e-07,-15.15530334733271
234,0,1,0.0,0.00038182512409316535,2.61899931408408e-07,-15.15530334733271
1541,0,1,0.0,0.00038182512409316535,2.61899931408408e-07,-15.15530334733271
1552,0,1,0.0,0.00038182512409316535,2.61899931408408e-07,-15.15530334733271
1625,0,1,0.0,0.00038182512409316535,2.61899931408408e-07,-15.15530334733271
536,0,1,0.0,0.00038182512409316535,2.61899931408408e-07,-15.15530334733271
1078,0,1,0.0,0.00038182512409316535,2.61899931408408e-07,-15.15530334733271
812,0,2,0.0,0.0007636502481863307,1.3094998285209975e-07,-15.848450396942681
370,0,2,0.0,0.0007636502481863307,1.3094998285209975e-07,-15.848450396942681
1740,0,2,0.0,0.0007636502481863307,1.3094998285209975e-07,-15.848450396942681
969,0,2,0.0,0.0007636502481863307,1.3094998285209975e-07,-15.848450396942681
1850,0,2,0.0,0.0007636502481863307,1.3094998285209975e-07,-15.848450396942681
1900,0,2,0.0,0.0007636502481863307,1.3094998285209975e-07,-15.848450396942681
791,0,2,0.0,0.0007636502481863307,1.3094998285209975e-07,-15.848450396942681
1023,0,2,0.0,0.0007636502481863307,1.3094998285209975e-07,-15.848450396942681
792,0,2,0.0,0.0007636502481863307,1.3094998285209975e-07,-15.848450396942681
1198,0,2,0.0,0.0007636502481863307,1.3094998285209975e-07,-15.848450396942681
659,0,2,0.0,0.0007636502481863307,1.3094998285209975e-07,-15.848450396942681
1139,0,2,0.0,0.0007636502481863307,1.3094998285209975e-07,-15.848450396942681
822,0,2,0.0,0.0007636502481863307,1.3094998285209975e-07,-15.848450396942681
1122,0,2,0.0,0.0007636502481863307,1.3094998285209975e-07,-15.848450396942681
1036,0,2,0.0,0.0007636502481863307,1.3094998285209975e-07,-15.848450396942681
756,0,2,0.0,0.0007636502481863307,1.3094998285209975e-07,-15.848450396942681
356,0,2,0.0,0.0007636502481863307,1.3094998285209975e-07,-15.848450396942681
436,0,2,0.0,0.0007636502481863307,1.3094998285209975e-07,-15.848450396942681
611,0,2,0.0,0.0007636502481863307,1.3094998285209975e-07,-15.848450396942681
258,0,2,0.0,0.0007636502481863307,1.3094998285209975e-07,-15.848450396942681
1770,0,3,0.0,0.001145475372279496,8.729999237871066e-08,-16.25391546140085
163,0,3,0.0,0.001145475372279496,8.729999237871066e-08,-16.25391546140085
1890,0,3,0.0,0.001145475372279496,8.729999237871066e-08,-16.25391546140085
605,0,3,0.0,0.001145475372279496,8.729999237871066e-08,-16.25391546140085
111,0,3,0.0,0.001145475372279496,8.729999237871066e-08,-16.25391546140085
1774,0,3,0.0,0.001145475372279496,8.729999237871066e-08,-16.25391546140085
1216,0,3,0.0,0.001145475372279496,8.729999237871066e-08,-16.25391546140085
1966,0,3,0.0,0.001145475372279496,8.729999237871066e-08,-16.25391546140085
299,0,3,0.0,0.001145475372279496,8.729999237871066e-08,-16.25391546140085
1725,0,3,0.0,0.001145475372279496,8.729999237871066e-08,-16.25391546140085
28,0,4,0.0,0.0015273004963726614,6.547499571302465e-08,-16.541597512027632
416,0,4,0.0,0.0015273004963726614,6.547499571302465e-08,-16.541597512027632
1251,0,4,0.0,0.0015273004963726614,6.547499571302465e-08,-16.541597512027632
830,0,4,0.0,0.0015273004963726614,6.547499571302465e-08,-16.541597512027632
746,0,4,0.0,0.0015273004963726614,6.547499571302465e-08,-16.541597512027632
627,0,4,0.0,0.0015273004963726614,6.547499571302465e-08,-16.541597512027632
1016,0,4,0.0,0.0015273004963726614,6.547499571302465e-08,-16.541597512027632
300,0,5,0.0,0.0019091256204658267,5.237999725633574e-08,-16.764741050246844
683,0,5,0.0,0.0019091256204658267,5.237999725633574e-08,-16.764741050246844
1371,0,5,0.0,0.0019091256204658267,5.237999725633574e-08,-16.764741050246844
1801,0,5,0.0,0.0019091256204658267,5.237999725633574e-08,-16.764741050246844
518,0,5,0.0,0.0019091256204658267,5.237999725633574e-08,-16.764741050246844
1247,0,6,0.0,0.002290950744558992,4.364999809467758e-08,-16.9470625983108
867,0,6,0.0,0.002290950744558992,4.364999809467758e-08,-16.9470625983108
788,0,6,0.0,0.002290950744558992,4.364999809467758e-08,-16.9470625983108
1903,0,6,0.0,0.002290950744558992,4.364999809467758e-08,-16.9470625983108
59,0,7,0.0,0.002672775868652157,3.7414284314456996e-08,-17.101213271902342
1776,0,7,0.0,0.002672775868652157,3.7414284314456996e-08,-17.101213271902342
1596,0,7,0.0,0.002672775868652157,3.7414284314456996e-08,-17.101213271902342
625,0,7,0.0,0.002672775868652157,3.7414284314456996e-08,-17.101213271902342
1571,0,8,0.0,0.0030546009927453228,3.273749892825613e-08,-17.23474465985008
1177,0,8,0.0,0.0030546009927453228,3.273749892825613e-08,-17.23474465985008
619,0,9,0.0,0.003436426116838488,2.9099999153190027e-08,-17.352527691868964
1659,0,10,0.0,0.0038182512409316535,2.6189999314083918e-08,-17.45788820461679
891,0,11,0.0,0.004200076365024819,2.3809090342218113e-08,-17.553198382040208
1767,0,12,0.0,0.004581901489117984,2.1824999523669386e-08,-17.640209757045746
873,0,13,0.0,0.004963726613211149,2.0146153440286343e-08,-17.720252463040435
928,0,13,0.0,0.004963726613211149,2.0146153440286343e-08,-17.720252463040435
290,0,14,0.0,0.005345551737304314,1.8707142507185672e-08,-17.794360433755145
1377,0,20,0.0,0.007636502481863307,1.3094999828520978e-08,-18.151035372081736
1837,0,22,0.0,0.008400152730049638,1.1904545312827254e-08,-18.246345550695604
1307,0,23,0.0,0.008781977854142803,1.1386956392076353e-08,-18.29079731274885
156,0,29,0.0,0.011072928598701794,9.031034401199039e-09,-18.522598924450254
